text_id,group,text
Elias Montgomery,ecological,"When thinking about how to respond to the crisis in Abeesee, I’d start by recognizing that this isn’t just an energy problem—it’s a systems issue rooted in geography, economics, infrastructure, and community resilience. From my experience growing up on a family oyster farm in coastal Georgia, I’ve seen how environmental and economic pressures can compound quickly, especially in isolated communities. So, in planning a response, I’d involve a broad coalition of stakeholders, each bringing different perspectives and resources. First, the residents themselves—especially those who’ve gone without heat—are essential. They’re not just data points; they’re the ones living through this. I’d work with community leaders and local organizations to create forums where residents can share their experiences, needs, and ideas. That kind of participatory planning ensures solutions are practical and culturally appropriate. Then, local government—both municipal and county-level—needs to be at the table. They’re responsible for public health, housing codes, and emergency response. But they also have access to funding and regulatory tools. I’d push for collaboration on retrofitting programs, perhaps using federal or state climate resilience grants to subsidize insulation, efficient heating systems, or even solar installations. Utility providers are another key group. They’re not just suppliers—they’re part of the system. I’d want to engage them in discussions about tiered pricing, emergency assistance programs, and long-term investments in renewable infrastructure. Maybe they could pilot a community solar program or help with weatherization initiatives. Of course, we can’t ignore health and safety agencies. The fact that people are dying from carbon monoxide poisoning and hypothermia shows this is a public health emergency. I’d involve local clinics, emergency medical services, and public health departments to help design outreach campaigns, distribute safety equipment like CO detectors, and train people on safe heating alternatives. And then there’s the university—especially the Systems Thinking Lab where I’m studying. We can contribute research, data modeling, and student-led projects. For example, we could model different intervention scenarios: What if we insulated 30% of homes? What if we introduced a community heat-sharing network? These aren’t just academic exercises—they’re tools for decision-making. Finally, I’d include environmental and energy nonprofits, especially those with experience in rural or cold-climate resilience. They often have grants, technical expertise, and networks that can help scale solutions. The key, for me, is not just fixing the immediate problem but building long-term resilience. That means designing solutions that don’t just heat homes but also reduce dependency on fossil fuels, improve safety, and empower the community to adapt. It’s about systems thinking—understanding how energy, health, economics, and environment all interact. And that’s what I’ve been learning in my classes, and what I’m trying to apply back home.

What strikes me most about Abeesee isn’t just the cold—it’s the way the system is failing its people in ways that feel both predictable and preventable. The core issue isn’t just that heating is expensive; it’s that the entire energy system is built on a fragile foundation of fossil fuels, which are both volatile in price and increasingly unsustainable. When the cost of fuel spikes, it doesn’t just affect budgets—it becomes a matter of life and death. I think about my family’s oyster farm back home in Brunswick, where we’ve had to adapt to rising sea levels and unpredictable storms. That’s a kind of resilience born from necessity, but in Abeesee, that kind of adaptive capacity isn’t being supported. Instead, people are forced into dangerous, makeshift solutions—burning trash, using unvented heaters—because they’re trapped between survival and safety. The fact that 38% of residents have gone without heat for over a month in two years is a systemic failure. It’s not just about income; it’s about infrastructure, policy, and access. The village’s remote location makes it harder to extend grid-based solutions, but that shouldn’t mean people are left behind. I see this as a classic case of a system that’s designed for efficiency, not equity. The energy system prioritizes cost and convenience for some, while leaving others exposed to risk. And when people die from hypothermia or carbon monoxide poisoning, it’s not an accident—it’s a symptom of a broken system that doesn’t account for the most vulnerable. What’s also troubling is how the crisis is being treated as isolated—just a winter problem—when it’s actually a year-round issue of energy insecurity. The real challenge isn’t just installing better heaters; it’s rethinking how energy is delivered, accessed, and sustained in a place like Abeesee. It’s about building resilience not just in homes, but in the community’s ability to adapt, support one another, and design solutions that are both sustainable and just. I’ve seen how small-scale, locally rooted solutions—like our oyster farm’s use of natural filtration and tidal patterns—can work when they’re grounded in ecological understanding. Abeesee needs that same kind of systems thinking: not just fixing the symptoms, but redesigning the whole system so that no one has to choose between warmth and safety.

Before I can begin developing a meaningful response for Abeesee, I need to understand not just the symptoms of the heating crisis, but the underlying systems that sustain it. From my experience growing up on a family oyster farm in coastal Georgia—where climate change has already disrupted seasonal patterns and livelihoods—I know that solutions must be rooted in both local context and long-term resilience. First, I’d need data on the current energy infrastructure in Abeesee: What types of heating systems are most common in homes? Are they primarily reliant on oil, propane, or electric heating? How is the electrical grid maintained during winter storms, and what’s the average household’s energy consumption during peak months? Second, I’d want to know about the socioeconomic makeup of the village. What percentage of residents live below the poverty line? Are there elderly or disabled individuals who are especially vulnerable? Understanding who is most affected helps prioritize interventions and avoid one-size-fits-all solutions. Third, I need to learn about existing community resources. Are there local organizations, co-ops, or tribal councils already working on energy access? What’s the level of trust in external institutions? I’ve seen how top-down solutions can fail when they don’t account for local knowledge—like when my family tried to adopt new aquaculture methods without consulting neighboring fishers. In Abeesee, community-led initiatives may be more sustainable. I’d also need to understand the role of housing quality. How many homes are poorly insulated? Are there older homes with drafty windows or inadequate heating systems? A study from my university’s Systems Thinking course showed that retrofitting insulation can reduce heating needs by up to 40%—a critical point when fuel costs are soaring. Finally, I’d want to know about the village’s relationship with the broader region. Is there a regional energy cooperative? Are there renewable energy projects (like small-scale wind or solar) being considered? And crucially—what are the cultural and historical factors that shape how people view energy use, risk, and community responsibility? Without this context, any solution risks being ineffective or even harmful. For example, pushing for electric heat without addressing grid reliability or affordability could worsen the problem. My goal isn’t just to provide heat—it’s to build a system where people don’t have to choose between warmth and safety."
Jada Thompson,ecological,"What strikes me most about Abeesee isn’t just the cold—it’s the way the cold is layered with deeper, interconnected problems. On the surface, it’s about affordability and access to heat, but when I look closer, I see a system in crisis. The high cost of fossil fuels isn’t just an economic issue; it’s a matter of survival for people who live in homes that aren’t built to withstand harsh winters, especially when those homes were likely designed decades ago, before climate patterns shifted and energy prices soared. The fact that 38% of residents have gone without heat for over a month in two years is staggering—it’s not just discomfort; it’s a public health emergency. And the 27 deaths? That’s not just a statistic. That’s families shattered, communities grieving, and a system failing its most vulnerable. But what’s even more troubling is how the solutions people turn to—like burning trash or using unsafe heaters—create new dangers. It’s a tragic feedback loop: lack of access to safe heat leads to dangerous alternatives, which then cause more harm. It reminds me of the ecological principle of unintended consequences—when we try to fix one part of a system without understanding the whole, we often make things worse. I also think about the broader context: Abeesee’s remote location makes it harder to access infrastructure, support, or even information about energy-efficient upgrades. There’s likely a cycle of poverty, isolation, and limited investment that keeps the village trapped in this pattern. And yet, there’s also resilience—people adapting, surviving, finding ways to keep warm. But resilience shouldn’t be the only solution. We need systemic change: investments in home insulation, renewable heating options like geothermal or solar, community heating hubs, and policies that prioritize energy equity. This isn’t just about warmth—it’s about dignity, safety, and justice. If we’re going to protect people, we have to treat the entire system, not just the symptoms.

Before I can begin developing a meaningful response for Abeesee, I need to understand a few key things. First, I’d want to know more about the current energy infrastructure in the village—what types of heating systems are most commonly used in homes, and how reliant they are on fossil fuels like oil or propane. Are there any existing renewable energy systems, like solar or biomass, already in place, even on a small scale? That would help me assess what’s already working and where gaps exist. Second, I need context on the housing stock. Are the homes well-insulated? How old are they on average? I’ve seen in my own community how older homes with poor insulation make heating costs skyrocket, even with modest usage. If most homes in Abeesee are similarly outdated, then retrofitting for energy efficiency might be a critical first step—maybe even more impactful than switching fuel sources. Third, I’d want to understand the socioeconomic landscape. What’s the average household income? Are there existing government or nonprofit programs that help with energy bills or home weatherization? If so, how accessible are they? I’ve learned from my environmental policy course that even when programs exist, lack of awareness or bureaucratic barriers can prevent people from accessing them. I also need to know about local resources. Is there access to sustainable biomass—like wood from managed forests or agricultural waste—that could be used safely and sustainably? In Pine Ridge, we’ve started using crop residues for small-scale heating, but only after careful planning to avoid soil depletion. So, any biomass solution in Abeesee would need to be ecologically sustainable, not just economically feasible. Lastly, I’d want to hear from the residents themselves. What are their lived experiences with cold and heating? What solutions have they already tried? I’ve learned that top-down approaches often fail when they don’t account for local knowledge and cultural practices. A community-led approach—maybe through a local energy cooperative or a youth-led sustainability group—could be more effective and sustainable in the long run. So, in short: I need data on housing quality, energy use patterns, available local resources, existing support systems, and—most importantly—direct input from Abeesee residents to co-create solutions that are both practical and just.

When thinking about how to respond to the crisis in Abeesee, I’d start by involving a broad range of stakeholders—because this isn’t just a heating issue, it’s a web of interconnected challenges involving health, economics, infrastructure, and community resilience. First and foremost, the residents themselves need to be at the center of any solution. They’re the ones living through the cold, making dangerous choices out of necessity. I’d organize community forums, maybe even door-to-door listening sessions, because the people who know their homes, their budgets, and their risks best should be shaping the response. Then, I’d bring in local leaders—like the village council, school administrators, and faith-based organizations. They’re trusted voices and can help mobilize resources, share information, and support vulnerable families. The local health clinic is critical too, especially since we’re seeing preventable deaths. They’ve seen the toll firsthand and can provide data on health impacts and help design outreach that’s both compassionate and effective. Of course, we can’t ignore the energy providers. Even though fossil fuel prices are out of their control, they might be open to pilot programs—like community heating cooperatives or subsidized fuel programs for low-income households. Maybe even exploring renewable options, like solar-assisted heating or geothermal, even if it’s a long-term goal. And I’d definitely include Greenfield State University—especially our Environmental and Ecological Sciences program. We’ve got students and faculty who can help assess energy use patterns, model climate impacts, and design sustainable solutions. I’d also reach out to engineering and public policy departments to help with technical and policy design. This isn’t just a science problem; it’s a systems problem, and we need interdisciplinary thinking. Lastly, I’d bring in state and federal agencies—like the Department of Energy’s Low-Income Home Energy Assistance Program (LIHEAP), housing authorities, and maybe even nonprofits focused on energy justice. They can provide funding, technical support, and policy leverage. But it’s not just about handing out money—it’s about co-creating solutions that are sustainable, culturally appropriate, and rooted in local knowledge. At the end of the day, the most important stakeholder is the community itself. If we don’t listen to them, we’re just imposing fixes from the outside. But if we work *with* them, using science, empathy, and systems thinking, we can build something that doesn’t just warm homes—it strengthens the whole village."
Cassian Reed,ecological,"What strikes me most about Abeesee isn’t just the cold—it’s the way the cold is layered with history, inequality, and systems that have failed to adapt. This isn’t just a story about heating costs; it’s about survival. When I read that 38% of residents went without heat for over a month in two years, and that 27 people died—mostly from hypothermia or preventable fires—I don’t just see statistics. I see my grandparents’ land in Alabama, where my family struggled to keep a roof over our heads during winter storms, not because we didn’t care, but because the systems weren’t built for us. Abeesee’s problem isn’t just that fossil fuels are expensive. It’s that the village is trapped in a cycle: high energy costs → people skip heating → they resort to dangerous alternatives → more deaths and fires → more fear and distrust of official solutions. It’s a feedback loop that’s been reinforced for years. And it’s not just economic—it’s social and cultural. The remote location means fewer options, fewer investments, fewer voices at the table when policies are made. What’s also troubling is how we frame this. We call it a ‘heating crisis,’ but that’s too narrow. It’s a crisis of infrastructure, of equity, of intergenerational responsibility. It’s about who gets to be warm, who gets to be safe, and who gets left behind when the system fails. I think about how my family’s land was once threatened by industrial runoff—same kind of neglect. The same pattern: marginalized communities bear the brunt of systemic failures, not because they’re less capable, but because they’re less visible. So for me, the real issue isn’t just how to heat homes—it’s how to rebuild trust, how to center community knowledge in solutions, and how to design systems that don’t just respond to crises, but prevent them. Because when people are forced to burn trash in their homes, it’s not a choice—it’s desperation. And that’s a failure of the entire system.

Before I can begin to develop a meaningful response for Abeesee, I need to understand not just the symptoms of the heating crisis, but the deeper systems at play—especially how history, infrastructure, and community resilience intersect. First, I’d need data on the energy sources currently used by households: Are people relying on propane, wood stoves, electric heaters, or unsafe alternatives like kerosene or indoor burning? How are these sources distributed across income levels and housing types—like older, poorly insulated homes versus newer ones? I also need to know about the local energy infrastructure: Is there a centralized heating system, or is it entirely decentralized? If there’s a utility provider, what’s their rate structure, and are there existing subsidy programs or emergency assistance available? But beyond numbers, I need context—what’s the social fabric of the village like? Are there community organizations, elders’ networks, or mutual aid groups already helping people during winter? I grew up in a rural Black farming community where land and survival were tied to collective memory and shared labor. In Abeesee, I wonder if similar informal networks exist—maybe neighbors helping neighbors, or churches opening shelters. I’d also want to know how the village government or local leaders have responded so far. Have they tried solutions like weatherization programs, or are they waiting for state or federal aid? And critically: who is most vulnerable? Are children, the elderly, or people with disabilities disproportionately affected? I’ve seen how environmental crises don’t hit everyone equally—race, class, and geography shape exposure. So I’d need demographic data layered with geographic mapping of heating deprivation. Finally, I’d want to hear from residents themselves—what do they see as the root of the problem? Is it cost, access, infrastructure, or lack of trust in institutions? Because real solutions don’t come from outside assumptions—they come from listening to the people living in the system. Without that, any intervention risks being well-intentioned but misaligned.

When thinking about how to respond to the crisis in Abeesee, I know from my own background—growing up in a rural Black farming community where land, survival, and community memory are deeply tied—that this isn’t just an energy or infrastructure issue. It’s a systems problem rooted in history, equity, and access. So the stakeholders I’d involve aren’t just the usual suspects like utility companies or city planners. I’d start with the people most affected: the residents of Abeesee themselves—especially elders, single parents, and low-income households who are most vulnerable to cold. They’re not just data points; they’re the ones who’ve been making do with kerosene heaters, wood stoves, or even burning trash, and they’ve lived through the consequences. Their lived experience is essential to designing solutions that actually work. Then I’d bring in local organizations—community centers, faith-based groups, and neighborhood associations. In my own community, churches and local nonprofits were the first to organize food drives and winter warmth programs. They already have trust and reach. They can help identify who’s most at risk and help distribute resources. Of course, we need the technical expertise: energy efficiency experts, renewable energy engineers, and building scientists. But I’d make sure they’re not just coming in to ‘fix’ things from the outside. They need to collaborate with local tradespeople—like carpenters, plumbers, and electricians—who know the housing stock and can help retrofit homes safely and sustainably. I’ve seen how top-down projects fail when they don’t include local hands and knowledge. We also can’t ignore the broader systems. The University of Abeesee has already done research here—so they should be part of the planning, not just as observers but as partners. But I’d push for a co-design model where students, especially those in environmental science and public health, work alongside residents to develop solutions. That’s how I learned: not just from textbooks, but from listening to elders talk about how their grandparents survived winters with less. And we need policymakers—state and federal agencies that fund energy assistance programs, weatherization grants, or rural infrastructure. But I’d want them to hear directly from Abeesee residents, not just through reports. Maybe even host a community forum where people can tell their stories in their own words. Finally, I’d include representatives from the fossil fuel and utility industries—not to absolve them, but to hold them accountable and to explore how they might contribute to solutions, like investing in community-owned renewable projects or offering emergency rate relief. The truth is, they’ve profited from high energy costs for years. Now, they need to help rebuild trust. At the heart of it all, I believe the most important stakeholder is the community itself. Because if we don’t center their voices, their dignity, and their resilience, then no amount of technology or policy will truly solve the problem. We’re not just heating homes—we’re protecting lives, preserving culture, and restoring justice."
Tariq Malik,ecological,"What strikes me most about Abeesee isn’t just the cold—it’s the way the system is failing its people in multiple, interconnected ways. On the surface, it’s a heating crisis: people can’t afford to heat their homes during a harsh winter. But digging deeper, I see a web of interlocking problems—economic, infrastructural, environmental, and social. The high cost of fossil fuels is a symptom, not the root cause. The real issue is a lack of resilient, sustainable, and equitable energy infrastructure in a remote, vulnerable community. When people can’t afford heat, they turn to dangerous alternatives—burning trash, using unvented heaters—because they’re desperate. That’s not just a safety issue; it’s a failure of policy and planning. I’m reminded of how my grandfather used to say, 'You can’t fix a broken roof if you’re still living in the rain.' In Abeesee, the roof is the energy system, and it’s not just leaking—it’s collapsing under the weight of systemic neglect. The fact that 27 people died last year from exposure or preventable fires is a moral failure. This isn’t just about cold temperatures; it’s about how we value human life in the face of climate change and economic inequality. The village is isolated, which makes it harder to access support, but that isolation shouldn’t be an excuse for inaction. What’s needed is a systems-level response—investing in energy efficiency retrofits, community-scale renewable heating (like geothermal or biomass with proper ventilation), and policies that protect vulnerable households. It’s not just about heat; it’s about dignity, safety, and long-term resilience. And if we don’t act, we’ll keep seeing the same tragedies repeat—because we’re treating symptoms, not the system that’s broken.

Before I can begin developing a meaningful response for Abeesee, I need to understand a few key layers of context and detail. First, I’d want to know about the current housing stock—what percentage of homes are well-insulated, what types of heating systems are currently in use (e.g., oil, gas, electric, wood stoves), and how many homes rely on electricity as their primary heat source. That’s crucial because if most homes depend on electric heating, and the grid is unreliable or expensive during winter, that compounds the problem. I’d also need data on income distribution in the village—specifically, how many households fall below the poverty line, and whether there are seasonal fluctuations in income that make winter heating especially burdensome. I’m thinking about the interplay between economic vulnerability and energy access. Then there’s the infrastructure side: Is there a centralized heating system or district heating option that could be expanded? Are there renewable energy sources—like biomass, geothermal, or solar—already being used or feasible in the area? I’d want to know what local resources are available, like access to wood from nearby forests or waste heat from industrial sites. I’d also need to understand the social and cultural context. For example, are there community networks or mutual aid groups already helping people with heating? Are residents aware of existing assistance programs—like LIHEAP or weatherization grants—and if so, why aren’t they accessing them? Sometimes the barrier isn’t lack of resources, but lack of information or trust in institutions. Finally, I’d want to hear from residents directly—what are their lived experiences? What alternatives have they tried, and what worked or didn’t work? Because the solutions need to be practical, culturally appropriate, and sustainable. I can’t design a system that ignores the reality of someone trying to heat their home with a space heater while also charging their phone and cooking meals. All of this helps me see not just the symptoms—like deaths from cold or carbon monoxide—but the deeper systems at play: energy poverty, infrastructure inequality, climate vulnerability, and the feedback loops that make it harder for people to break out of hardship. Without that full picture, any solution risks being well-intentioned but ineffective.

When thinking about how to respond to the crisis in Abeesee, I’d start by recognizing that this isn’t just an energy problem—it’s a system of interconnected challenges involving health, economics, infrastructure, and social equity. So, the stakeholders I’d involve wouldn’t just be the usual suspects like utility providers. I’d bring in a broad coalition, grounded in the realities of the community. First, the residents themselves—especially those who’ve gone without heat or used unsafe alternatives. They’re not just data points; they’re experts in their own lived experience. I’d organize community forums, maybe even mobile listening sessions during winter, so people can share what they’ve tried, what’s worked, and what’s failed. Their insights would shape any real solution. Then, local organizations: the community health clinic, which sees the medical fallout of cold homes, and the local nonprofit that runs a winter warming center. They’re already on the front lines and have trust with residents. They’d be essential in designing outreach and safety protocols. I’d also bring in the university—specifically, the engineering and environmental science departments. We’ve got students and faculty who could help assess energy efficiency retrofits, explore renewable options like small-scale geothermal or solar thermal systems, and model how different interventions would impact costs and emissions. Plus, this is a real-world lab for our Systems Thinking course—so it’s a chance to apply what we learn. Of course, the local government and tribal council (if applicable) need to be at the table. They control zoning, housing codes, and can help with funding or policy changes—like mandating insulation standards in older homes or creating a winter energy assistance program. And we can’t ignore the energy providers. But not just to complain—let’s work with them to co-develop a community energy plan. Maybe a pilot program for low-income households to switch to cleaner, more affordable heating options, with subsidies or phased payments. Lastly, I’d include regional environmental groups and climate adaptation experts. They’ve seen similar challenges in other remote, cold communities, and can help us think long-term: how do we build resilience not just for this winter, but for the next 20 years, especially with climate change making weather patterns more extreme? The key is making sure no one is left out—especially those most vulnerable. This isn’t about top-down fixes. It’s about building a system where everyone—from the student in the lab to the elderly resident in a drafty cabin—has a voice and a role in shaping a safer, warmer future."
Maya Delgado,ecological,"What strikes me most about Abeesee isn’t just the cold—it’s the deep inequity woven into the fabric of daily survival. This isn’t just a story about high heating costs; it’s about a system that’s failed its people. When 38% of residents go without heat for over a month in just two years, and when 27 people die from exposure or preventable fires, that’s not a weather problem—that’s a justice problem. The fact that people are resorting to burning trash in unventilated spaces to survive speaks to a crisis of infrastructure, policy, and access. It’s not that they don’t know better—it’s that they have no other choice. I think about my own upbringing in Atlanta, where I saw how marginalized communities are disproportionately affected by environmental hazards, and Abeesee feels like a more extreme version of that reality. The remote location and harsh winters aren’t just geographic challenges—they’re structural ones, compounded by economic inequality and a lack of investment in sustainable, resilient solutions. What’s missing isn’t just better insulation or cheaper fuel; it’s a systems-level approach that centers community needs, incorporates Indigenous and local knowledge about passive heating and energy efficiency, and prioritizes long-term sustainability over short-term fixes. If we’re going to solve this, we can’t just treat the symptoms—we have to redesign the system so that no one has to choose between heat and safety.

Before I can begin developing a meaningful response to the crisis in Abeesee, I need to understand a few key things—not just the surface-level data, but the deeper social, economic, and cultural context. First, I’d want to know about the housing stock: What percentage of homes are energy-inefficient? Are there older homes with poor insulation, or are newer ones still failing to meet basic thermal standards? I’ve seen in my own community how structural inequities often show up in housing quality—like how low-income neighborhoods are more likely to have substandard infrastructure, even in urban areas. That might be happening here too. Second, I need to understand the energy sources currently available to residents. Are there any local renewable options—like wood, biomass, or small-scale geothermal—that could be safely and sustainably used? I’m thinking about Indigenous knowledge systems I’ve studied, where communities have long used local resources in ways that are both sustainable and culturally appropriate. But I also know that without proper education and infrastructure, even well-intentioned alternatives can become dangerous—like the carbon monoxide deaths from burning trash. So, I’d want to know what kind of support systems exist for safe alternative heating, and whether those are accessible to people who need them most. Third, I need to hear from the residents themselves. What are their lived experiences? What do they see as the root causes of the problem—not just fuel prices, but things like lack of access to credit, utility shutoffs, or even housing insecurity? I’ve learned in my environmental justice courses that top-down solutions often miss the mark when they don’t include community voices. I’d want to know if there are existing community groups or cooperatives already working on this—because solutions are more likely to succeed when they’re co-created with the people affected. Finally, I’d want to understand the role of local government and institutions. Are there subsidies or weatherization programs in place? If so, why aren’t they reaching everyone? And if not, what are the barriers—funding, bureaucracy, lack of trust? I’ve seen how structural neglect can make even well-meaning programs fail. So, I’d need to know who’s responsible for what, and whether there’s political will to act. All of this matters because the problem isn’t just about cold homes—it’s about power, access, and dignity. Without understanding the full picture, any solution risks being ineffective or even harmful. I’m not just looking for a technical fix; I’m looking for a just and resilient one.

When thinking about how to respond to the crisis in Abeesee, I know from my own background—growing up in a neighborhood with similar environmental inequities—that this isn’t just a technical or economic problem. It’s deeply social, historical, and rooted in systemic neglect. So the stakeholders I’d involve aren’t just government agencies or utility companies. They’re people who’ve been marginalized by the very systems that failed them. First, I’d bring in the residents of Abeesee themselves—especially those who’ve gone without heat, elders, people with chronic health conditions, and families with young children. They’re not just data points; they’re the experts on their own lived experience. I’d organize community listening circles, not just to gather input, but to co-create solutions with them. Too often, outside experts come in with 'solutions' that don’t reflect local realities. Then, I’d include local Indigenous knowledge holders—especially from the region’s original inhabitants. Their traditional practices around passive solar design, natural insulation, and community-based energy sharing could offer sustainable, culturally grounded alternatives that fossil fuel-based systems never could. I’ve learned in my classes that Indigenous knowledge isn’t just 'ancient wisdom'—it’s a living, adaptive system that’s been tested over generations. Of course, we’d need the utility companies and energy providers—but not as decision-makers. I’d push for a participatory governance model where residents have a seat at the table when decisions about infrastructure, subsidies, or retrofitting are made. And we’d need local nonprofits, like the community garden nonprofit I work with, that already build trust and capacity in neighborhoods. They could help with education, outreach, and even lead small-scale energy cooperatives. Finally, I’d bring in university researchers—not just from engineering or economics, but from environmental justice, public health, and social work. But not just to study the problem. To partner. To co-design interventions that are equitable, resilient, and accountable. Because if we’re going to prevent another 27 deaths, we can’t just fix the pipes—we have to fix the power imbalances that made those pipes fail in the first place."
Tariq Malik (2),social,"What strikes me most about Abeesee isn’t just the cold—it’s the way the cold is made worse by systems that have long ignored the people living in it. The fact that nearly 40% of residents have gone without heat for a month or more in two years isn’t just a statistic; it’s a moral failure. These aren’t isolated cases of hardship—they’re symptoms of a deeper, entrenched inequity. The village’s remote location and harsh climate aren’t accidents; they’re conditions that have been exploited by a system that treats energy access as a privilege, not a right. I see a cycle here: high fossil fuel prices hit low-income households hardest, forcing people to choose between heating and other essentials. When they can’t afford proper heating, they turn to dangerous alternatives—burning trash, using unvented stoves—because they’re desperate. And then we see deaths from hypothermia, carbon monoxide poisoning, fires. It’s not that people don’t know better; it’s that they’re trapped in a system that offers no safe, affordable alternatives. This isn’t just about infrastructure or economics—it’s about power. Who decides what energy sources are prioritized? Who benefits from the current model? The fact that 27 people died last year from preventable causes in a place with the resources to do better says something about how we value certain lives over others. It’s not just a crisis of heat; it’s a crisis of care. And it’s one that could be solved with investment in sustainable, community-owned solutions—like geothermal systems, weatherization programs, or localized renewable energy grids. But those solutions require political will, long-term planning, and a commitment to equity. Right now, Abeesee is being left to freeze while the system fails to see it as worth saving.

Before I can begin developing a meaningful response to the crisis in Abeesee, I need to understand not just the symptoms, but the deeper structural and contextual layers that sustain them. First, I’d want to know about the existing energy infrastructure—what types of heating systems are currently in use across the village? Are there any community heating systems, district heating networks, or renewable energy projects already in place, even on a small scale? Understanding the distribution of access—whether certain neighborhoods or demographics are disproportionately affected—would be critical. For example, are elderly residents, single-parent households, or renters more likely to be without heat? That would help identify vulnerable populations and inform targeted interventions. I also need context on local governance and decision-making. Who controls the energy policies in Abeesee? Is there a municipal energy board, or is the village reliant on external utilities? Are there existing subsidies or energy assistance programs, and if so, how accessible are they? I’ve seen in other communities that even when aid exists, bureaucratic barriers or lack of outreach prevent people from accessing it. Equally important is understanding the economic landscape beyond heating. What’s the average household income in Abeesee? How does it compare to regional or national averages? Are there local industries or employment opportunities that could support energy affordability initiatives? And what role does the remote location play beyond just cost—does it affect supply chains, maintenance access, or the feasibility of certain technologies? Finally, I’d want to hear directly from residents. What are their lived experiences with heating? What alternatives have they tried, and what barriers did they face? Community knowledge is often overlooked in top-down solutions, but it’s essential for designing something that actually works. I’d also want to know if there’s existing community organizing or local leadership that could be engaged—because sustainable change rarely comes from outside, but from within.

When thinking about how to respond to the crisis in Abeesee, I’d start by recognizing that this isn’t just a problem of cold homes—it’s a web of interconnected issues: poverty, energy access, housing quality, public health, and systemic neglect. So the stakeholders I’d involve aren’t just the usual suspects like city planners or utility companies. They have to include the people most affected, because if we’re designing solutions for them, they need to be at the table from the beginning. First, I’d bring in the residents themselves—especially those who’ve gone without heat, elders, people with chronic health conditions, and families with young children. They’re not just data points; they’re the experts on what it feels like to live in an unheated home. I’d organize community forums, maybe even mobile listening sessions in different neighborhoods, so people who can’t travel easily can still speak. And I’d make sure those forums are led by trusted community members, not just university researchers or officials. Then, I’d bring in local organizations that already work with vulnerable populations—like the migrant support network I volunteer with, or food pantries and health clinics. They’ve seen the ripple effects of cold homes: people showing up at clinics with respiratory issues, kids missing school because they’re too cold to focus. These groups know the community’s needs and trust networks better than any outside agency. Of course, we’d need the utility providers—especially the local energy cooperative or municipal power board. But I wouldn’t just ask them to lower rates. I’d push for transparency: show us how pricing works, how infrastructure investments are made, and whether there are ways to prioritize low-income households in grid upgrades. Maybe even co-design a tiered pricing model with them, not just impose it. I’d also bring in housing advocates and building inspectors. Many homes in Abeesee are old, poorly insulated, or have drafty windows. If we’re going to fix heating, we can’t just throw more fuel at the problem—we need to improve the buildings themselves. So housing nonprofits, local contractors with experience in retrofitting, and even energy auditors should be part of the planning. And then there’s the broader picture: state and federal agencies. The federal weatherization assistance program, for example, could be a lifeline—but only if we help people navigate the application process. I’d want to bring in policy advocates who’ve worked on energy equity to help us access those funds and push for long-term structural changes, like expanding renewable energy infrastructure in remote areas. Finally, I’d include the university—my own institution. We’re not just observers; we’re part of the community. Students in sociology, public policy, and engineering could help with research, design pilot programs, or even build low-cost heating solutions. But it has to be a partnership, not just a research project. We’d need to ensure that students are trained in community-led research, not just collecting data and leaving. The key is making sure no one is left out—especially those who’ve been historically excluded from decision-making. Because if we’re serious about solving this, we can’t just fix the heat. We have to fix the system that made it so many people couldn’t afford it in the first place."
Amara Chen,social,"What strikes me most about Abeesee isn’t just the cold—it’s the way the system has failed its people in so many interconnected ways. On the surface, it’s a problem of affordability: heating costs are unmanageable for a large portion of the population, especially given the village’s remote location and harsh climate. But digging deeper, it’s clear this isn’t just an economic issue—it’s a crisis of equity and systemic neglect. When 38% of residents go without heat for over a month in two years, and 27 people die from exposure or unsafe alternatives, that’s not a market failure. That’s a moral failure. These aren’t isolated incidents; they’re symptoms of a system that treats people as costs rather than lives. The fact that people are resorting to burning trash in unventilated spaces shows how desperation overrides safety when basic needs aren’t met. It’s heartbreaking—and infuriating—that the same people who are most vulnerable are also the ones most likely to be ignored in policy decisions. I see this as a perfect example of how environmental, economic, and social justice are inseparable. The village’s geography makes it harder to access affordable energy, but that shouldn’t mean people are left to freeze. There’s a deeper issue here: power. Who decides what infrastructure gets built? Who gets to choose how energy is distributed? And who bears the cost when things go wrong? For me, the real problem isn’t just the lack of heat—it’s the lack of voice. The people of Abeesee aren’t just facing cold winters; they’re facing a system that doesn’t see them as central to the solution. If we’re going to fix this, we can’t just throw money at insulation or subsidies. We have to center the lived experiences of those most affected, involve them in decision-making, and redesign systems so that survival isn’t a privilege based on income or geography.

Before I can begin to develop a meaningful response in Abeesee, I need to understand not just the surface-level data, but the lived realities behind it. I’d want to know more about the demographics of those most affected—like age, income level, housing type (e.g., older homes, rental units, multi-generational households), and whether certain communities—like elders, single parents, or Indigenous families—are disproportionately impacted. That 38% statistic is alarming, but I need to know who exactly is being left out in the cold. Are there patterns based on neighborhood, access to public transportation, or language barriers? I also need context about the existing infrastructure. What kind of heating systems are currently in place? Are there any community heating initiatives, like shared boilers or district heating, that could be expanded? What’s the condition of the housing stock—are homes well-insulated, or are they drafty and inefficient? And how do people currently access energy assistance programs? Are they easy to apply for? Are there cultural or trust barriers that prevent people from seeking help? Then there’s the broader economic and political context. Is there local leadership that’s prioritizing this issue? Are there regional or state-level policies that either support or hinder affordable energy access? And what role do utility companies play—are they responsive to low-income households, or are they focused on profit over equity? Finally, I’d want to hear directly from residents. What are their coping strategies? What do they feel would actually help? Because solutions that don’t come from the community often fail. I’d want to organize listening sessions, partner with local organizations, and center the voices of those most affected—especially those who’ve lost loved ones. Without that human context, any response risks being well-intentioned but disconnected from reality.

When thinking about who to involve in planning a response to the crisis in Abeesee, I’d start by centering the people most affected—residents, especially those who’ve gone without heat or lost loved ones. Their lived experience isn’t just data; it’s the foundation of any real solution. I’d want to include community organizations already working on housing insecurity, energy assistance, and health equity—like the local nonprofit I work with, which supports immigrant families with utility help and weatherization referrals. These groups know the trust networks and cultural nuances that top-down programs often miss. Then, I’d bring in local government—especially the village council, public works, and emergency services—because they have the authority to allocate resources and coordinate infrastructure projects. But I’d also push for transparency and accountability, making sure decisions aren’t made in isolation. The university’s research team should be involved too, not just as observers, but as partners in co-designing solutions, especially since they’ve already done the data work. I’d also include energy providers and utility regulators, because the root of the problem is tied to pricing and access. But I’d approach them not just as vendors, but as stakeholders who could help pilot programs like tiered pricing or community-owned renewable energy. And we can’t ignore the environmental and climate justice angle—this isn’t just about heating; it’s about how remote, underserved communities are disproportionately impacted by climate change and energy policy. Finally, I’d bring in Indigenous knowledge holders and local elders. In places like Abeesee, traditional practices around insulation, passive solar design, and communal heating have been passed down for generations. Their wisdom could inform sustainable, culturally grounded solutions. This isn’t just a technical fix—it’s a collective effort to rebuild dignity, safety, and equity in a community that’s been left behind."
Jordan Reyes,social,"What strikes me most about Abeesee isn’t just the cold—it’s the way the system is failing its people in ways that feel both predictable and preventable. The core issue isn’t just that heating is expensive; it’s that the entire infrastructure of energy access, housing quality, and economic support has been built on assumptions that don’t reflect the realities of rural, low-income communities like Abeesee. When 38% of residents go without heat for over a month in two years, and 27 people die from exposure or unsafe alternatives, that’s not an accident—it’s a symptom of deeper structural inequities. I think about how the village’s remote location isolates it from broader energy markets and policy interventions. There’s a cycle here: high costs → inability to afford heat → reliance on dangerous, makeshift solutions → increased risk of death. But this cycle isn’t just about individual choices—it’s about a system that doesn’t provide safe, affordable alternatives. The fact that people are burning trash in unventilated spaces isn’t a sign of recklessness; it’s a tragic response to a lack of options. And it’s not just about heating. This situation reveals how housing, energy policy, and public health are interconnected. Poorly insulated homes, outdated infrastructure, and a lack of investment in renewable or community-based energy systems all compound the problem. What’s missing is a systems-level approach that sees these issues not as isolated problems, but as parts of a larger web—where one failure in one area (like energy affordability) cascades into others (health, safety, dignity). As someone who grew up in a rural community where family and neighbors shared resources during hard winters, I can’t help but feel that Abeesee is losing something essential: the collective care that once helped people survive tough times. Now, people are suffering in silence, not because they don’t care, but because the system has eroded the very networks that could have protected them. The real problem isn’t just the cold—it’s the absence of a society that values its most vulnerable members enough to ensure they don’t freeze to death.

Before I can begin to develop a meaningful response in Abeesee, I need to understand not just the surface-level data, but the deeper social, historical, and structural contexts that shape how people experience heating insecurity. For example, I’d want to know: Who exactly is most affected? Are there disparities based on age, income level, housing type (e.g., older homes vs. newer ones), or whether someone lives alone or in a multigenerational household? I’ve seen in my own community how marginalized groups—like elders, single-parent families, or Indigenous residents—often bear the brunt of systemic neglect. So, I’d need demographic breakdowns of those without heat, especially among vulnerable populations. I also need to understand the existing infrastructure. What types of housing are common? Are most homes powered by electricity, oil, propane, or wood? Are there any community heating systems or shared resources already in place? I remember in my sociology class we discussed how energy access isn’t just about supply—it’s about who controls the system and who gets left out. So, knowing whether there are local cooperatives, utility programs, or past initiatives that failed would be crucial. Then there’s the economic and political context. What’s the local economy like? Are people employed in stable, well-paying jobs, or are many working in seasonal or informal labor? I’ve learned from community organizing workshops that poverty isn’t just about income—it’s about power. So, I’d want to know if residents have a voice in decisions about energy policy or infrastructure investment. Are there local leaders or organizations already working on this issue? And if so, what’s their capacity? Finally, I’d need to understand cultural practices around heat and home. In my family’s rural town, we’ve always relied on wood stoves and community gatherings during winter—not just for warmth, but for connection. So, I wonder: Are there traditional or community-based ways of staying warm that could be supported or expanded? And how do people perceive risk—do they know the dangers of using unsafe alternatives, or are they making choices out of desperation? Without this context, any solution could end up being top-down, disconnected from lived reality. I want to make sure any response is rooted in what the community already knows, values, and does—because real change starts with listening.

When thinking about how to respond to the crisis in Abeesee, I’d start by centering the people most affected—residents, especially those who’ve gone without heat or lost loved ones. They’re not just data points; they’re community members with lived experience, and their voices need to be at the heart of any solution. I’d involve local elders, families with children, and people with chronic health conditions, because they’re often the most vulnerable during winter months. Beyond residents, I’d bring in local organizations that already work on housing, health, and social services—like the Abeesee Community Action Network and the Rural Health Coalition. These groups understand the local context and have trust within the community. They could help identify who’s already struggling and where resources are most needed. Of course, we can’t ignore the role of the university. The University of Abeesee has done important research, but now it needs to move beyond study and into partnership. I’d want faculty and students—especially those in sociology, public health, and environmental studies—to co-design solutions with residents, not just analyze the problem. My own work in the Systems Thinking Lab has taught me that real change happens when we connect academic insight with grassroots knowledge. We’d also need to bring in energy experts and sustainable infrastructure planners—people who can help develop affordable, safe heating alternatives like solar thermal systems, geothermal options, or community heating hubs. But these solutions can’t be imposed from outside. They need to be co-created with the community, respecting local traditions and land use. And we can’t forget the broader systems at play: state and federal agencies that fund energy assistance programs, utility companies that set rates, and even environmental regulators who oversee emissions. But these stakeholders should be engaged not as decision-makers alone, but as partners in a process that’s guided by Abeesee’s own priorities. Ultimately, I believe the most powerful stakeholders are the ones who’ve been overlooked for too long—people who’ve been quietly enduring cold winters, who’ve used unsafe methods to survive, and who’ve lost family. Their resilience and wisdom should be the foundation of any response. If we build with them, not for them, we’ll create solutions that are not only effective but also just."
Darius Monroe,social,"What strikes me most about Abeesee isn’t just the cold—it’s the way the cold is layered with deeper, systemic failures. It’s not just that people can’t afford heat; it’s that they’re trapped in a cycle where the very systems meant to protect them are either absent or actively making things worse. I think about my grandmother back home in our little town—she used to say, 'Heat isn’t just about temperature; it’s about dignity.' And in Abeesee, that dignity is being eroded every winter. The numbers are staggering—38% of people going without heat for a month or more, 27 deaths last year. But when I hear those stats, I don’t just see data. I see Mrs. Thompson, who lives in a 1950s house with cracked windows and a furnace that barely works, trying to keep her grandson warm with a space heater she bought on credit. I see the teenager who had to drop out of school because she spent nights shivering instead of studying. I see the man who tried to burn old furniture in his garage to stay warm and ended up poisoning his family. This isn’t just an energy crisis. It’s a crisis of infrastructure, of policy, of equity. The village is remote, yes, but that remoteness isn’t just a geographic fact—it’s a political one. It’s why the state doesn’t prioritize upgrades to insulation, why renewable energy projects are delayed, why emergency aid is slow to arrive. It’s why people are forced into dangerous, makeshift solutions. And what’s heartbreaking is that this isn’t inevitable. I’ve seen what happens when communities organize—when they demand better, when they build cooperatives, when they use local knowledge to adapt. But in Abeesee, those voices are often drowned out by bureaucracy, by cost-benefit analyses that don’t count human lives. The real problem isn’t just the price of fuel. It’s that the system treats people like variables, not people. And when you treat people like variables, you end up with dead ones.

Before I can start developing a real response in Abeesee, I need to understand more than just the numbers — I need to hear the stories behind them. The fact that 38% of people went without heat for 30 days in two years? That’s not just a statistic. That’s families sleeping in coats, kids doing homework by candlelight, elders shivering in rooms that feel like iceboxes. So first, I’d want to know: What’s the actual housing stock like? Are most homes old, poorly insulated, or built on uneven ground that makes heating inefficient? I’ve seen in my own community how older homes — especially in Black neighborhoods — were built with cost over comfort, and that legacy still affects people today. I also need to know who’s most affected. Is it the elderly? Single-parent households? People on fixed incomes? I’ve worked with youth groups who’ve helped seniors check their heating systems, and we found that many didn’t know how to safely use space heaters — not because they were careless, but because they’d never been taught. So understanding who’s at highest risk is key. Then there’s the energy infrastructure. Are there any community-based heating solutions already in place — like a district heating system, or solar co-ops? I remember when my grandmother’s block started a small solar panel collective, and even though it was small, it gave people hope. But it also showed me how hard it is to get funding and technical support. And crucially — what’s the local government doing? Are there existing assistance programs? Are they accessible? I’ve seen programs that exist on paper but are buried under paperwork or require internet access that people don’t have. I’d want to know: Who’s in charge of energy policy here? Are there community leaders or local organizations already working on this? Because real change doesn’t come from outside — it comes from people who live here, who know the streets, the homes, the rhythms of the winter. Lastly, I’d want to hear from residents themselves — not just in surveys, but in conversations. What do they think is the biggest barrier? Is it money? Safety? Access to information? I’ve learned that when you ask people what they need, they don’t always say 'more money' — they say 'someone to listen' or 'a way to share what we already know.' So before I propose any solution, I need to sit with the community, listen, and co-create. Because systems don’t change without people.

When I think about who needs to be at the table to tackle this crisis in Abeesee, I don’t just see institutions—I see people. My grandmother used to say, 'You don’t fix a broken house by only fixing the roof.' So, I start with the folks who live there every day. The residents, especially the elderly, single parents, and folks on fixed incomes—those who’ve been going without heat for weeks. They’re not just statistics; they’re neighbors, church members, people who’ve been quietly enduring this for years. I’d make sure they’re not just consulted but co-leading the planning process. Then there’s the local community organizations—churches, food pantries, the youth center. In my neighborhood back home, it was the church that first started distributing space heaters during the cold snaps. These groups already have trust and access. They know who’s struggling and how to reach them. Of course, the University of Abeesee can’t be left out—especially the engineering, public health, and sociology departments. But not just as researchers. I’d want them working side by side with residents, not just studying the problem. Like when I worked with that youth group on food insecurity—our real breakthroughs came when we stopped talking *at* people and started listening *with* them. And we can’t ignore the local government—city council, public works, housing authority. But I’d push for accountability. Too often, promises get made but never delivered. So I’d bring in watchdog groups, maybe even a community oversight board, to make sure decisions are transparent and follow-through happens. Also, the utility companies. They’re part of the system that’s made heating unaffordable. But they’re not the enemy—just part of a broken structure. I’d want them at the table, not to defend their profits, but to co-design solutions like tiered pricing, emergency assistance programs, or even community solar projects. And finally, I’d bring in regional and state-level agencies—like the Department of Energy or the state’s low-income home energy assistance program (LIHEAP)—but only if they’re willing to listen and adapt. Too often, top-down programs miss the mark because they’re designed without local context. At the heart of it all? A U-shaped classroom. Not literally, but in spirit. We need spaces where people from all walks—residents, students, city planners, elders, young activists—can sit across from each other, not as experts and subjects, but as people who care. Because real change doesn’t come from a report. It comes from a community saying, 'We’re not going to let this happen again.'"
Elena Martinez,social,"What strikes me most about Abeesee isn’t just the cold—it’s the silence around it. This isn’t just a story about heating costs or weather; it’s about who gets to be warm, who gets to be seen, and who gets left behind when systems fail. The fact that nearly 40% of residents have gone without heat for a month or more in two years isn’t a statistic—it’s a moral failure. These aren’t isolated cases; they’re patterns of neglect that reflect deeper inequities. I think about my own community in southern Georgia, where my parents worked the fields under the same kind of invisible pressure—labor that’s essential but never valued. In Abeesee, people are doing the same thing: surviving, enduring, enduring, enduring. And when they can’t afford heat, they’re forced into dangerous alternatives—burning trash, using unsafe stoves—because the system didn’t give them a safe way out. The deaths from hypothermia are tragic, yes, but the deaths from carbon monoxide? That’s a direct consequence of a system that failed to provide affordable, safe options. It’s not just about energy prices; it’s about power. Who decides what infrastructure gets built? Who gets to choose how homes are heated? And who gets to speak when the lights go out? This isn’t just a technical or economic problem—it’s a social justice issue. The people of Abeesee are being punished for living in a place that’s been forgotten. And that’s what I see: not just a lack of heat, but a lack of care, of dignity, of recognition. Until we treat people’s survival as a priority—not a cost to be minimized—we’ll keep seeing these preventable deaths. The real problem isn’t the winter. It’s the system that lets people freeze in silence.

Before I can begin to develop a meaningful response in Abeesee, I need to understand not just the surface-level data, but the lived realities behind it. The numbers—38% without heat for 30 days, 27 deaths—are devastating, but they don’t tell me who those people are. I need to know: Who are the most affected? Are there patterns based on age, housing type, income level, or neighborhood? For example, are elderly residents in older, poorly insulated homes disproportionately impacted? Are renters more vulnerable than homeowners? Are there Indigenous families or migrant workers who face additional barriers? I also need context about the housing stock. How many homes are even built to withstand harsh winters? Are there community-owned or cooperative housing models that could be leveraged? What’s the condition of the existing infrastructure—do homes have working furnaces, or are they relying on space heaters, stoves, or even open fires? Then there’s the question of access to resources. Are there existing heating assistance programs? If so, why aren’t they reaching people? Is it due to lack of awareness, bureaucratic hurdles, or eligibility restrictions that exclude those most in need? I’d want to know how people currently access alternative heat—what are they using, and why are they resorting to dangerous methods like burning trash? I also need to understand the social and cultural context. In my own community, I’ve seen how shame or fear of stigma can prevent people from asking for help. Are there cultural norms around self-reliance or privacy that make residents reluctant to report hardship? Are there trusted community leaders, elders, or local organizations that could help bridge the gap between residents and aid programs? Finally, I need to know what power structures are in place—both locally and regionally. Who makes decisions about energy policy, infrastructure investment, and emergency relief in Abeesee? Are residents involved in those conversations, or are decisions made without their input? Because if we’re going to build a sustainable, equitable solution, it can’t be imposed from the outside. It has to be co-created with the people who live there, especially those most affected. Without that context, any response risks being well-intentioned but disconnected from reality.

When thinking about who should be involved in planning a response to the crisis in Abeesee, I start with the people most affected—residents, especially those who’ve gone without heat or lost loved ones. They’re not just data points; they’re the ones living with the consequences every day. I’d want community elders, young families, people with chronic health conditions, and those who rely on fixed incomes—because their needs are different and often overlooked. These voices need to be at the table from the beginning, not just consulted after decisions are made. Then there’s the local government—town council, public works, housing authorities. They have the infrastructure and policy levers, but too often they’re disconnected from the realities on the ground. I’d push for participatory budgeting or community advisory boards so residents can help shape how funds are used. I’d also bring in Indigenous knowledge keepers and local land stewards. Abeesee’s remote location and harsh climate mean traditional ways of living with the land—like passive solar design, natural insulation, or community heating systems—could offer sustainable, low-cost solutions. These aren’t just ‘alternative’ ideas; they’re time-tested practices that could be adapted. Of course, we need energy experts—engineers, architects, and renewable energy specialists—but not just from big firms. I’d prioritize local technicians and tradespeople who understand the terrain and can maintain systems long-term. And we can’t forget nonprofits and mutual aid networks already working in the area. They’ve built trust and know how to reach people who might distrust formal institutions. Lastly, I’d include students and faculty from the University of Abeesee—especially those in sociology, environmental policy, and public health. But not just as researchers. They should be co-creators, not just observers. My own background as a first-gen college student from a farming community taught me that academic knowledge only matters when it’s rooted in lived experience. So the response has to be co-designed with the people it’s meant to serve—because equity isn’t a goal; it’s the process."
Talia Chen,technology,"From what I’ve seen in the Abeesee case, this isn’t just about cold temperatures or high energy bills—it’s a systemic crisis rooted in interlocking challenges: infrastructure, economics, and equity. The fact that 38% of residents have gone without heat for over a month in two years tells me we’re not just dealing with weather; we’re dealing with a failure of resilience. These aren’t isolated incidents—they’re symptoms of a deeper problem: a community that’s been left behind by outdated energy systems and rising costs, with no scalable or safe alternatives. What strikes me most is the tragic irony of the deaths: 21 from hypothermia, and 6 from fires or carbon monoxide poisoning caused by unsafe makeshift heating. That’s not just a public health issue—it’s a failure of design. When people can’t afford proper heating, they’re forced into dangerous improvisations. That tells me the system isn’t just inefficient; it’s actively putting lives at risk. I also think about scalability. The village is remote, which makes centralized solutions like grid expansion expensive and slow. But that doesn’t mean we can’t innovate. In my own community in southern Georgia, I used open-source tools to model soil moisture and optimize irrigation—small, data-driven solutions that made a real difference. I wonder: could Abeesee use similar low-cost, scalable tech—like smart thermostats, solar-assisted heating, or community microgrids—to reduce dependency on fossil fuels while improving safety and affordability? The real issue isn’t just heat—it’s access, equity, and long-term sustainability. If we’re going to solve this, we can’t just throw more money at the problem. We need systems that are not only efficient but also resilient, inclusive, and designed with the people who live in them. That’s what I’m thinking about when I look at Abeesee: how to build solutions that don’t just work in theory, but actually work for the people who need them most.

Before I can begin developing a response for Abeesee, I need a few key pieces of information that go beyond the surface-level data. First, I’d want to understand the current energy infrastructure in the village—what types of heating systems are most commonly used in homes? Are there any existing renewable energy systems, like solar or biomass, already in place, even on a small scale? Knowing the baseline helps determine whether we’re building from scratch or retrofitting existing systems. Second, I need detailed data on the housing stock: what’s the average age of homes? Are they well-insulated, or are they drafty and energy-inefficient? I’ve seen in my own community how poor insulation can make even a modest heating system ineffective, so that’s a major factor in energy waste. Third, I’d want to know about the local economy and household income distribution. The fact that 38% of residents went without heat for 30+ days suggests a deep affordability crisis, but I need to understand how income varies across different neighborhoods or family types—single-parent households, elderly residents, or multi-generational homes might face different challenges. I also need to know about local governance and decision-making structures. Who makes energy policy in Abeesee? Is there a municipal energy committee, or is it managed by a private utility? Understanding power dynamics helps determine whether solutions can be implemented top-down or if community-led initiatives would be more effective. Lastly, I’d want to hear directly from residents—what do they see as the biggest barriers to staying warm? Are there cultural or behavioral factors, like distrust of new technology or fear of utility bills increasing? I’ve learned from my own experience that even the most efficient solution fails if it doesn’t account for lived realities. So, community input is essential. Without this context, any solution I propose might be technically sound but practically unworkable. I’m not just solving a heating problem—I’m addressing a crisis of equity, safety, and sustainability. And that requires understanding the full system, not just the symptoms.

When thinking about how to respond to the crisis in Abeesee, I’d start by involving a broad coalition of stakeholders—because this isn’t just a heating problem, it’s a systemic issue tied to economics, infrastructure, health, and community resilience. First, I’d bring in the residents themselves. They’re not just data points; they’re the ones living through this every day. I’d organize community forums, especially in neighborhoods most affected, to hear directly about their experiences, what alternatives they’ve tried, and what barriers they face—like upfront costs or lack of access to information. Then, I’d include local government officials—town council members, public works, and housing authorities. They’re responsible for policy and infrastructure, and they need to understand the urgency. But I’d also push for collaboration with regional energy providers, especially if there are co-ops or public utilities that could help redesign distribution or offer subsidized rates for low-income households. Of course, we can’t ignore the health sector. I’d involve local clinics and emergency medical services. The 27 deaths are a wake-up call, and healthcare workers on the ground see the patterns—hypothermia, carbon monoxide poisoning—before they become statistics. They can help design outreach programs and even co-develop educational materials on safe heating alternatives. I’d also bring in engineers and renewable energy experts—especially those with experience in off-grid or low-cost heating systems. Solar thermal, geothermal, or even passive solar home retrofits could be viable long-term solutions. But I’d make sure these experts aren’t just designing for efficiency—they’re designing for affordability and ease of maintenance, because if a system breaks down and no one can fix it, it’s useless. And let’s not forget the university. The University of Abeesee already has research on this issue, so we should partner with them—especially students like me in environmental engineering and computer science. We could help model energy use, design monitoring systems, or even develop a mobile app to track heating costs and safety tips. I’d also push for student-led pilot projects, like retrofitting a few homes with low-cost insulation or solar heaters, so we can test solutions at scale before rolling them out. Finally, I’d include nonprofit organizations focused on energy justice and rural development. Groups that work with low-income families or disaster preparedness could help with funding, outreach, and training. They’ve seen similar challenges in other regions and can bring proven strategies. The key is making sure all these groups aren’t just consulted—they’re co-creating the solution. Because if we don’t involve the people who live in the homes, the systems we build won’t last. And if we don’t think about scalability and sustainability from day one, we’re just treating symptoms, not the root problem."
Jalen Parker,technology,"From what I’ve seen in the data and the story of Abeesee, this isn’t just a heating problem—it’s a systemic crisis rooted in energy access, economic inequality, and infrastructure vulnerability. The core issue is that the village’s current energy system is both fragile and unsustainable. With 38% of residents going without heat for over a month in two years, and 27 lives lost to hypothermia and unsafe alternatives, it’s clear that the existing model fails the most vulnerable. It’s not just about cold temperatures; it’s about how the community is structurally unable to adapt to rising costs and environmental challenges. What stands out to me is the cycle of desperation: when people can’t afford conventional heating, they turn to dangerous alternatives—like burning trash indoors—because they’re out of options. That’s not just a safety issue; it’s a symptom of a system that doesn’t prioritize equity or resilience. The fact that so many deaths stem from carbon monoxide poisoning or fires shows that the problem isn’t ignorance—it’s lack of access to safe, affordable, and reliable alternatives. I also see a deeper issue in the village’s remote location and dependence on fossil fuels. That isolation amplifies the cost and limits access to modern infrastructure. But it also presents an opportunity: Abeesee could become a model for decentralized, sustainable energy systems. The challenge isn’t just to provide heat—it’s to redesign the entire energy ecosystem so it’s resilient, scalable, and inclusive. My concern is that without a systems-level approach—looking at energy, economics, health, and social behavior—we’ll keep treating symptoms instead of fixing the root causes.

Before I can begin developing a meaningful response for Abeesee, I need to gather a few key layers of information—not just about the symptoms of the heating crisis, but about the underlying systems that sustain it. First, I’d need detailed data on the current energy infrastructure: what types of heating systems are most commonly used in homes (e.g., electric furnaces, oil boilers, wood stoves, propane), and how much each costs to operate per month? Understanding the distribution of these systems across income levels would help identify where the burden is heaviest. Second, I’d want to know about the housing stock—what’s the average insulation quality? How many homes are older, poorly sealed, or lack modern energy efficiency features? This would help determine whether the problem is primarily about energy cost or poor thermal performance. Third, I need context on the local energy supply chain. Is the village connected to a centralized grid? If so, what’s the source of that electricity—fossil fuels, renewables, or a mix? Are there any local energy generation options, like biomass or solar, that could be scaled up? And crucially, what are the current policies or subsidies related to energy access or home efficiency upgrades? I’d also want to understand the socioeconomic landscape: what’s the median household income? How many residents are elderly, disabled, or otherwise vulnerable? Are there community organizations or local cooperatives already working on energy access? And most importantly—what do residents themselves say about their experiences? I’d want to hear directly from people who’ve gone without heat, not just from statistics. Finally, I’d need to assess the environmental and logistical constraints: how feasible is it to expand renewable energy infrastructure in a remote, snowy region? What are the maintenance challenges during winter? And what’s the timeline for implementation—can we respond in time for the next heating season, or do we need a phased, long-term strategy? All of this isn’t just about technical fixes—it’s about designing a system that’s not only efficient and affordable, but also equitable and resilient. Without this context, any solution risks being well-intentioned but misaligned with the real needs of the people in Abeesee.

When thinking about how to respond to the heating crisis in Abeesee, I’d start by identifying the key stakeholders who not only have a vested interest in the outcome but also the capacity to contribute meaningfully to a sustainable solution. From my experience working on energy efficiency projects in rural communities, I know that top-down fixes often fail if they don’t account for local realities. First, I’d involve the residents themselves—especially those who’ve gone without heat. They’re not just data points; they’re the ones living through the crisis daily. Their insights on what alternatives they’ve tried, what works, and what doesn’t, are invaluable. I’d organize small, facilitated focus groups to gather that lived experience, making sure to include elders, low-income families, and people with health vulnerabilities. Next, local government—specifically the village council and public works department. They’re responsible for infrastructure and can help with permitting, zoning, and coordinating public programs. But I’d also bring in regional energy agencies and state-level housing assistance programs. These entities often have funding streams for weatherization or energy efficiency upgrades that could be leveraged. Then there’s the University of Abeesee—especially the engineering and public health departments. In my own work, I’ve seen how student-led projects can drive real change. A team of engineering students could design low-cost, off-grid heating solutions using local materials. Public health researchers could track outcomes and help assess the impact of interventions on mortality and morbidity. I’d also include local tradespeople—like the auto repair shop owners and HVAC technicians who already work in the community. They understand the local supply chains and could be trained to install or maintain new systems. In fact, my dad ran a small auto shop back home, and I know how much trust people place in local mechanics. Empowering them as part of the solution could build both capacity and community buy-in. Finally, I’d bring in nonprofit organizations focused on energy justice and rural development. Groups like the National Energy Assistance Directors’ Association or local housing nonprofits could help with funding, outreach, and policy advocacy. And importantly, I’d include Indigenous knowledge holders or elders if they’re part of the community—traditional practices around insulation, passive solar design, or community heating might offer low-tech, sustainable models that are overlooked in mainstream engineering. The key, for me, is not just solving the immediate problem of heating, but building a system that’s resilient, equitable, and scalable. That means involving everyone who’s affected, everyone who can help, and everyone who can learn from the process. It’s not just about heat—it’s about dignity, safety, and long-term sustainability."
Jamal Reynolds,technology,"From what I’ve seen in the Abeesee case study, this isn’t just about cold temperatures or high energy bills—it’s a systemic crisis rooted in interlocking challenges: affordability, infrastructure, access to technology, and social equity. The fact that 38% of residents have gone without heat for over a month in two years is staggering. It’s not just a winter problem; it’s a year-round issue of economic vulnerability. Many families are making impossible trade-offs—heat vs. food, heat vs. medicine—because the cost of heating is simply unsustainable. And when people resort to unsafe alternatives like burning trash indoors, it’s not recklessness; it’s desperation. The 27 deaths last year, especially the ones from carbon monoxide poisoning, are a direct consequence of a system that fails to provide safe, affordable, and reliable heating options. What strikes me most is how this reflects a broader pattern I’ve seen in rural communities: infrastructure that was designed for a different era, with little investment in modernization or resilience. Abeesee’s remote location makes it harder to extend grid-based energy solutions affordably, and fossil fuels are both expensive and unreliable. But here’s where I think technology and systems thinking can help: we’re not just looking for a quick fix like more subsidies or temporary heaters. We need to rethink the entire energy ecosystem—how heat is delivered, stored, and managed. For example, integrating low-cost, solar-powered thermal systems with smart insulation monitoring could reduce dependency on fossil fuels. Or using community-scale heat pumps powered by renewable sources, with data-driven load balancing to optimize usage. The real issue isn’t just the lack of heat—it’s the lack of a resilient, equitable, and scalable system that accounts for both environmental constraints and human needs. As someone who grew up watching my dad fix broken machinery with limited tools, I know that innovation doesn’t always mean high-tech—it means designing solutions that work within real-world limitations. In Abeesee’s case, that means building systems that are not only efficient and sustainable but also accessible and safe for everyone, especially the most vulnerable. The goal shouldn’t be just to keep people warm—it should be to build a system where no one has to choose between life and heat.

Before I can develop a meaningful response to the heating crisis in Abeesee, I need to gather more context and granular data to understand the full system at play. First, I’d want to know the current energy infrastructure—what types of heating systems are most common in homes (e.g., oil, propane, electric, wood stoves)? Are there any existing renewable or community-scale heating solutions already in place? That would help me assess what’s working and where gaps exist. I’d also need detailed data on household income distribution—specifically, how many residents fall below the poverty line, and how much of their income is currently spent on heating. Without that, I can’t properly assess affordability or design a solution that’s equitable. Another critical piece: what’s the condition of the housing stock? Are homes well-insulated, or are they drafty and inefficient? If most homes are poorly insulated, then simply improving heating systems won’t be enough—energy efficiency upgrades would be a necessary first step. I’d also want to understand the local climate patterns beyond just winter duration—how severe are the temperature drops? Are there specific weather events (like prolonged cold snaps) that disproportionately impact vulnerable populations? On the social side, I need to know how residents currently cope—what alternative heat sources are being used, and how widespread is the use of unsafe methods like burning trash or using indoor grills? Understanding the cultural and behavioral drivers behind these choices is key to designing safe, acceptable alternatives. Finally, I’d want to know about local governance and community trust. Are residents open to new programs? Is there a local authority or nonprofit already working on energy access? And crucially—what’s the level of community engagement? Because any solution, no matter how technically sound, will fail if it doesn’t involve and empower the people it’s meant to help. In short, I need data on infrastructure, income, housing quality, climate, behavior, and community dynamics—because this isn’t just a technical problem. It’s a systems problem, and solving it requires understanding all the interconnected parts.

When thinking about how to respond to the crisis in Abeesee, I’d start by involving a broad coalition of stakeholders—because this isn’t just a technical problem, it’s a systems problem rooted in geography, economics, infrastructure, and community resilience. First, I’d bring in the residents themselves. They’re not just data points; they’re the ones living through this every day. I’d organize community forums, especially with vulnerable groups like the elderly, low-income families, and people with chronic health conditions, to understand their actual experiences and what solutions they’d actually use. You can’t design a sustainable fix without their input. Then, I’d engage local government—town council, public works, and housing authorities. They’re responsible for infrastructure and can help with policy changes, subsidies, or even zoning for new energy projects. But I’d also include the University of Abeesee, especially departments like engineering, public health, and environmental science. They’ve already done research on this issue, and their students and faculty could help prototype low-cost heating solutions or analyze energy efficiency data. Energy providers and utility companies are another key group. They’re not just the source of the problem—they’re also part of the solution. I’d want to work with them to explore tiered pricing, emergency assistance programs, or even pilot projects for renewable microgrids. Maybe even explore community-owned energy cooperatives, which have worked in other rural areas. And we can’t ignore the health sector. The fact that 27 people died last year from exposure or carbon monoxide poisoning shows this is a public health emergency. So I’d bring in local clinics, emergency medical services, and public health officials to help track risks, educate the community on safe heating alternatives, and set up early warning systems during extreme cold. Finally, I’d reach out to nonprofit organizations and tech groups—like the student-led nonprofit I volunteer with—that develop low-cost sensors and monitoring tools. We could deploy simple, solar-powered temperature and CO2 monitors in homes to alert residents or local responders when conditions become dangerous. That kind of tech is scalable, affordable, and built with real-world constraints in mind. The key is making sure all these groups aren’t just consulted—they’re co-designing the solution. Because if we’re going to fix this, it has to be something that works for the people who live there, not just something that looks good on paper."
Darnell Boone,technology,"From what I’ve seen in the data and the real-world context, the core issue in Abeesee isn’t just about cold weather—it’s about systemic inefficiency and lack of scalable, sustainable infrastructure. The fact that 38% of residents have gone without heat for over a month in two years is a direct failure of energy access, not just affordability. It’s not just about money; it’s about how energy is delivered and managed in a remote, high-cost environment. The deaths from hypothermia and carbon monoxide poisoning aren’t just tragedies—they’re symptoms of a broken system that forces people into dangerous, makeshift solutions because no safe, reliable alternatives exist. What stands out to me is how the problem is both technical and social. On the technical side, the village likely relies on outdated, inefficient heating systems and fossil fuels that are both expensive and hard to maintain in harsh conditions. On the social side, there’s a lack of infrastructure investment and policy support that could make clean, resilient energy systems viable. I’ve been studying embedded systems and smart grid integration—things like solar microgrids with thermal storage, or IoT-enabled smart thermostats that optimize energy use based on occupancy and weather. These aren’t just theoretical; they’re practical, scalable solutions that could reduce dependency on fossil fuels and prevent dangerous workarounds. The real issue isn’t just the cold—it’s the absence of a resilient, data-driven energy system that can adapt to the needs of the community. If we treat this like a systems problem, not just a cost problem, we can design solutions that aren’t just temporary fixes but long-term upgrades that improve safety, reduce costs, and empower residents. That’s what I’m trying to build toward in my engineering work—systems that don’t just function, but actually serve people.

Before I can start developing a real solution for Abeesee, I need a few key pieces of information that go beyond the surface-level data. First, I’d want to understand the current energy infrastructure in the village—what types of heating systems are already in use? Are most homes powered by electricity, natural gas, oil, or wood? And how reliable is the grid during winter months? If the power grid is unstable or prone to outages, any solution relying on electric heating would be risky. Second, I need detailed data on building insulation and energy efficiency. Are homes built with modern standards, or are they old, drafty structures? I’ve seen in past projects that even small improvements in insulation can reduce heating needs by 30–50%. Without knowing the baseline, any efficiency proposal would be a guess. Third, I’d want to know about the local climate patterns—how cold does it get on average? What’s the typical snow cover duration? And are there microclimates within the village that affect heating demand differently? For example, homes on higher ground might need more heat than those in sheltered valleys. Fourth, I need to understand the socioeconomic context. What’s the average household income? How many people live in each home? Are there elderly or disabled residents who are especially vulnerable? This helps prioritize who needs help first and how to design solutions that are accessible, not just technically sound. Finally, I’d want to know what resources are already available—like community centers, local workshops, or existing renewable energy projects. If there’s a solar panel co-op or a wood-burning stove program already running, we shouldn’t reinvent the wheel. And I’d need to talk to residents directly—what do they actually use for heat now? What are their biggest fears or barriers to staying warm? Because the best technical solution won’t work if it’s not culturally or practically viable for the people who live there.

When thinking about how to respond to the heating crisis in Abeesee, I’d start by identifying the key stakeholders who not only have a vested interest in the outcome but also the capacity to contribute meaningful solutions. First and foremost, the residents themselves—especially those most affected—are essential. They’re not just data points; they’re the ones living through this every day. I’d want to include community leaders, elders, and local organizations like the senior center or food co-op, because they understand the social fabric and can help ensure solutions are culturally appropriate and accessible. Then there’s the local government—town council, public works, and housing authorities. They’re responsible for infrastructure and can help with policy changes, subsidies, or zoning for renewable installations. But we can’t stop there. The University of Abeesee is already doing research here, so their engineering and public health departments should be involved—especially the ones working on energy efficiency and indoor air quality. I’d also bring in utility providers and energy cooperatives. They’re not just suppliers; they could help design tiered pricing models or pilot low-income heat assistance programs. And if we’re talking about long-term solutions, renewable energy companies—especially those focused on solar, geothermal, or small-scale wind—should be part of the conversation. They can help assess feasibility and explore microgrid options for remote areas. Finally, I’d include health and safety organizations. The fact that 27 people died last year from exposure or carbon monoxide poisoning shows this is a public health emergency. The local clinic, emergency services, and regional health departments should be involved in designing safety protocols, education campaigns, and emergency response plans—especially around safe heating alternatives. What I’m really focused on is building a system that’s not just reactive but scalable. For example, if we install smart thermostats or low-cost insulation in homes, we need to make sure those systems are maintainable and don’t create new dependencies. I’d use my background in embedded systems to think about how sensors could monitor indoor temperatures and alert community health workers if someone’s home gets dangerously cold—without violating privacy. It’s not just about heat; it’s about creating a resilient, data-informed system that protects people and can be expanded over time."
Elena Ramirez,technology,"What strikes me most about Abeesee isn’t just the cold—it’s the systemic failure that turns a seasonal challenge into a humanitarian crisis. The core problem isn’t just the high cost of heating; it’s the lack of resilient, accessible infrastructure in a community that’s been historically overlooked. With 38% of residents going without heat for over a month in two years, and 27 lives lost to hypothermia and preventable fires, this is clearly not just an energy issue—it’s a justice issue. People aren’t choosing to risk their lives; they’re making desperate, dangerous trade-offs because they have no safe alternatives. The fact that so many are resorting to burning trash indoors speaks volumes about the absence of viable, affordable options. It’s not just about technology—it’s about equity. The village’s remote location and harsh winters create natural barriers, but the real barrier is the lack of investment in scalable, low-cost solutions that work for people who can’t afford high-tech fixes. I see a system where energy access is treated as a luxury rather than a necessity, and where innovation is often designed for wealthier, urban areas, not for communities like Abeesee. The real issue isn’t just heating—it’s the absence of a system that prioritizes dignity, safety, and sustainability for everyone, especially those on the margins.

Before I can develop a meaningful response for Abeesee, I need to understand not just the symptoms of the heating crisis, but the underlying systems that sustain it. First, I’d need detailed data on the current energy infrastructure—what types of heating systems are most commonly used in homes (e.g., electric, propane, wood stoves, oil furnaces), and how many homes rely on each? That’ll help identify where interventions could have the most impact. I also need to know the distribution of income across the village—what percentage of residents live below the poverty line, and how does that correlate with heating access? Without that, any solution could miss the most vulnerable. Equally important is understanding the housing stock. Are the homes well-insulated? How old are they? Are there a lot of older, drafty houses that lose heat quickly? If so, retrofitting insulation or sealing windows could be a more sustainable fix than just replacing heating systems. I’d also want to know about existing community resources—does the village have a heating assistance program, or is it reliant on federal or state aid that’s inconsistent? Are there local organizations already working on energy poverty? I’d hate to duplicate efforts or overlook grassroots solutions that are already in motion. And contextually, I need to understand the cultural and behavioral aspects. For example, why are people resorting to burning trash or using unvented heaters? Is it because they don’t know safer alternatives, or because those alternatives are too expensive or hard to access? If it’s a lack of knowledge, education campaigns might help. If it’s affordability, then subsidies or low-cost alternatives are needed. Finally, I’d want to know about the local environment—what renewable energy sources are available? Are there geothermal, solar, or biomass opportunities that could be leveraged sustainably? The remote location is a challenge, but it might also be an opportunity to build off-grid, resilient systems that don’t depend on volatile fossil fuel markets. All of this is necessary because I don’t want to design a solution that’s technically brilliant but ignores the lived reality of people in Abeesee. My goal isn’t just to heat homes—it’s to build a system that’s affordable, safe, sustainable, and designed *with* the community, not just for them.

When thinking about how to respond to the crisis in Abeesee, I’d start by involving a broad coalition of stakeholders—because this isn’t just a technical problem, it’s a systems problem rooted in geography, economics, and equity. First, the residents themselves are the most essential stakeholders. They’re the ones living through the cold, making daily trade-offs between food, medicine, and heat. I’d want to include community leaders, elders, and local organizations—like the village’s senior center or youth outreach groups—because they understand the social fabric and can help ensure solutions are culturally appropriate and trusted. Then, I’d bring in local government—especially the village council and public works department—because they have authority over infrastructure, zoning, and emergency response. But I wouldn’t stop there. I’d also include energy experts from the University of Abeesee, not just for research, but to co-design solutions with the community. Their data on energy use and climate patterns is vital, but they need to be grounded in real-world conditions, not just models. Another critical group is nonprofit organizations focused on housing, health, and poverty alleviation—like local food banks or health clinics. They’re already seeing the human toll of cold homes and can help identify vulnerable populations, like elderly residents or families with young children. And we can’t ignore the role of utility providers. They’re not just suppliers; they could be partners in implementing energy efficiency programs or low-income assistance plans. I’d also bring in engineers and architects—especially those with experience in passive solar design or off-grid heating systems—because the solution has to be sustainable and scalable. But here’s the thing: I’d make sure these experts aren’t just designing for Abeesee—they’re designing *with* Abeesee. That means involving local tradespeople and contractors early, so they can help adapt designs to local materials and labor capacity. And finally, I’d include state and federal agencies—like the Department of Energy or the Weatherization Assistance Program—because they can provide funding and policy support. But I’d push for a structure where decisions are made collaboratively, not top-down. Because from my own experience growing up in a transient family, I know that when people are excluded from decisions that affect their lives, solutions fail. So my goal isn’t just to heat homes—it’s to build a system where Abeesee can adapt, thrive, and lead its own resilience journey."
