global_segment_id,statement,Lisa Causal (Y/N),Marie Y/N,Marie&Lisa Agreement,Final Y/N Solution,Type,Lisa Justification,Marie Notes,Agreement AI & Human,AI y/n,AI_  is_causal,AI_explanation,Andrew Y/N,Andrew Notes
519,Funding helps heating companies provide more reliable heat,Yes,Yes,TRUE,Yes,"g) Types of causatives: Lexical, Morphological, Periphrastic","Implicit, shows relationship",Lexical help,TRUE,Yes,TRUE,"The statement indicates that funding (cause) directly contributes to or enables heating companies to provide more reliable heat (effect), showing a clear causal relationship.",,
1718,Creating renewable resources closer to the town results in lower costs,Yes,Yes,TRUE,Yes,"b) Causal verbs: cause, result, produce, generate, lead, induce, trigger, prompt",Direct cause, ,TRUE,Yes,TRUE,The statement indicates a clear causal relationship where creating renewable resources closer to the town (cause) directly leads to lower costs (effect). The phrase 'results in' is a strong indicator of causation.,,
473,Interviewing Abeesee residents leads to a better understanding of the problem,Yes,Yes,TRUE,Yes,"b) Causal verbs: cause, result, produce, generate, lead, induce, trigger, prompt","Direct, X leads to Y", ,TRUE,Yes,TRUE,"The statement indicates that interviewing Abeesee residents (the cause) directly leads to a better understanding of the problem (the effect), showing a clear causal relationship.",,
386,The village's remote location makes it difficult to keep heat sustainable,Yes,Yes,TRUE,Yes,"b) Causal verbs: cause, result, produce, generate, lead, induce, trigger, prompt","Implicit, shows relationship", ,TRUE,Yes,TRUE,"The statement indicates that the cause (the village's remote location) directly leads to the effect (difficulty in keeping heat sustainable), showing a clear causal relationship.",,
2127,The culture of the residents affects factors in Abeesee,Yes,Yes,TRUE,Yes,"b) Causal verbs: cause, result, produce, generate, lead, induce, trigger, prompt","Implicit, shows relationship", ,TRUE,Yes,TRUE,"The statement uses the verb 'affects', which indicates a causal relationship where the culture of the residents influences factors in Abeesee.",,
352,The person would gather the people of Abeesee,No,No,TRUE,No,,"Statement, No cause/effect relationship",Statement of fact ,TRUE,No,FALSE,The statement describes an action (gathering) but does not indicate a causal relationship between any events or states.,,
1808,Hiring unemployed individuals causes HVAC companies to have more work,Yes,Yes,TRUE,Yes,"b) Causal verbs: cause, result, produce, generate, lead, induce, trigger, prompt",Direct cause, ,TRUE,Yes,TRUE,"The statement uses a direct causal verb 'causes', indicating that hiring unemployed individuals directly leads to HVAC companies having more work.",,
1572,Burning fossil fuels harms the environment,Yes,Yes,TRUE,Yes,"b) Causal verbs: cause, result, produce, generate, lead, induce, trigger, prompt",Direct cause, ,TRUE,Yes,TRUE,"The statement indicates that burning fossil fuels (the cause) directly leads to harming the environment (the effect), showing a clear causal relationship.",,
1707,Reporting statistics leads to informing officials,Yes,Yes,TRUE,Yes,"b) Causal verbs: cause, result, produce, generate, lead, induce, trigger, prompt","Direct, X leads to Y", ,TRUE,Yes,TRUE,"The statement uses 'leads to', indicating that reporting statistics directly results in informing officials, which establishes a clear causal relationship.",,
133,People associated with helping those needing financial assistance spread awareness about the situation in Abeesee,No,No,TRUE,No,,"Implicit, shows relationship",Statement of fact ,TRUE,No,FALSE,The statement indicates an association or correlation between people helping those needing financial assistance and spreading awareness but does not imply a direct causal relationship.,,
1588,Political leaders exist,No,No,TRUE,No,,"Statement, No cause/effect relationship",Statement of fact ,TRUE,No,FALSE,"The statement is a simple assertion without any indication of causation or influence between events, actions, or states.",,
162,Understanding the reasons for high heating costs leads to making heating more affordable,Yes,Yes,TRUE,Yes,"b) Causal verbs: cause, result, produce, generate, lead, induce, trigger, prompt","Direct, X leads to Y", ,TRUE,Yes,TRUE,"The statement indicates that understanding the reasons (cause) directly leads to or influences making heating more affordable (effect), showing a clear causal relationship.",,
981,High fossil fuel prices cause many residents to be unable to afford heat,Yes,Yes,TRUE,Yes,"b) Causal verbs: cause, result, produce, generate, lead, induce, trigger, prompt",Direct cause, ,TRUE,Yes,TRUE,The statement clearly indicates a direct causal relationship where high fossil fuel prices (the cause) lead to many residents being unable to afford heat (the effect).,,
1501,Abeesee's presence in America would lead residents to look towards the Red Cross,Yes,Yes,TRUE,Yes,"b) Causal verbs: cause, result, produce, generate, lead, induce, trigger, prompt","Direct, X leads to Y", ,TRUE,Yes,TRUE,"The statement uses 'would lead', indicating that Abeesee's presence (cause) directly influences residents' actions towards looking towards the Red Cross (effect)",,
266,Knowing the type of housing in Abeesee determines if central heating is an option,Yes,Yes,TRUE,Yes,"b) Causal verbs: cause, result, produce, generate, lead, induce, trigger, prompt","Implicit, shows relationship", ,TRUE,Yes,TRUE,"The statement indicates that knowing the type of housing (cause) directly determines whether central heating is an option (effect), showing a clear causal relationship.",,
842,Politicians can help raise awareness about the community's struggles,No,No,TRUE,No,,"Statement, No cause/effect relationship",Possible solution ,FALSE,Yes,TRUE,"The statement implies that politicians have the ability to influence or cause an increase in awareness about community struggles, indicating a causal relationship.",,
681,The problems in the case scenario cause issues,Yes,Yes,TRUE,Yes,"b) Causal verbs: cause, result, produce, generate, lead, induce, trigger, prompt","Direct cause *however, it is vague", ,TRUE,Yes,TRUE,"The statement uses 'cause' directly, indicating that the problems in the case scenario lead to issues, which is a clear causal relationship.",,
2161,I spread awareness about the villagers' issues,No,No,TRUE,No,,"Statement, No cause/effect relationship",Statement of fact ,TRUE,No,FALSE,The statement describes an action (spreading awareness) but does not indicate a direct causal effect on any outcome or state change.,,
1966,The text suggests examining expenses incurred by Abeesee's residents,No,No,TRUE,No,,"Statement, No cause/effect relationship",Information needed ,TRUE,No,FALSE,The statement is descriptive and does not indicate any causal relationship between examining expenses and any resulting effect.,,
817,High heating costs cause citizens of Abeesee to use alternative cheaper heating methods,Yes,Yes,TRUE,Yes,"b) Causal verbs: cause, result, produce, generate, lead, induce, trigger, prompt",Direct cause, ,TRUE,Yes,TRUE,The statement clearly indicates a causal relationship where high heating costs (the cause) directly lead to citizens using alternative cheaper heating methods (the effect).,,
1037,The number of families varies with the number of households in the town,No,No,TRUE,No,n) Correlation vs. Causation: Be cautious not to confuse correlation with causation,Correlation, ,TRUE,No,FALSE,The statement indicates a correlation or association between the number of families and the number of households but does not imply any direct causal relationship.,,
928,The statement does not contain specific relationships or actions that can be simplified into clear statements.,No,No,TRUE,No,,"Statement, No cause/effect relationship",Not a segment ,TRUE,No,FALSE,The given text is a meta-statement about the absence of specific relationships or actions and does not express any causal relationship.,,
1352,A heating and insulation business is involved in planning a response to Abeesee's problems,No,No,TRUE,No,,"Statement, No cause/effect relationship",Identifies actors ,TRUE,No,FALSE,The statement describes involvement in planning but does not indicate a direct causal relationship between the business's actions and Abeesee's problems.,,
155,Remote location affects heating prices,Yes,Yes,TRUE,Yes,"b) Causal verbs: cause, result, produce, generate, lead, induce, trigger, prompt","Direct, X is related to Y", ,TRUE,Yes,TRUE,"The statement implies that the remote location has an influence on heating prices, suggesting a causal relationship where the location affects pricing.",,
2106,The text indicates a lack of information about the current status of home heating systems,No,No,TRUE,No,,"Statement, No cause/effect relationship",Possible cause ,TRUE,No,FALSE,The statement describes a situation or state without indicating any cause-effect relationship.,,
1248,Fossil fuels are necessary for the population of Abeesee to live,No,No,TRUE,No,,"Implict, X is related to Y",Possible cause ,#N/A,Yes,TRUE,"The statement implies a necessity relationship where fossil fuels (cause) enable or allow the population of Abeesee to live (effect), suggesting a causal link.",,
1367,Non-governmental organizations work with villages like Abeesee,No,No,TRUE,No,,"Statement, No cause/effect relationship",Statement of fact ,TRUE,No,FALSE,The statement describes an action (working) without indicating a direct cause and effect relationship between NGOs and villages like Abeesee.,,
313,Inability to afford rising fossil fuel prices causes Villafe of Abeesee to be at risk of health problems,Yes,Yes,TRUE,Yes,"b) Causal verbs: cause, result, produce, generate, lead, induce, trigger, prompt",Direct cause, ,TRUE,Yes,TRUE,The statement clearly indicates a causal relationship where the inability to afford rising fossil fuel prices (cause) directly leads to Villafe of Abeesee being at risk of health problems (effect).,,
1126,The university collaborates with nonprofits to install heating systems in Abeesee,No,No,TRUE,No,,"Statement, No cause/effect relationship",Possible solution ,TRUE,No,FALSE,The statement describes a collaborative action but does not indicate that one event directly leads to or influences another in a causal manner.,,
1232,Information about insulation in typical town homes is required,No,No,TRUE,No,,"Statement, No cause/effect relationship",Information needed ,TRUE,No,FALSE,The statement does not indicate any cause and effect relationship; it merely states a requirement for information about insulation in typical town homes.,,
1506,Inserting fireplaces in people's homes leads to an increase in their electric bills,Yes,Yes,TRUE,Yes,"b) Causal verbs: cause, result, produce, generate, lead, induce, trigger, prompt","Direct, X is related to Y", ,TRUE,Yes,TRUE,"The statement uses a direct causal verb 'leads to', indicating that inserting fireplaces (the cause) directly results in an increase in electric bills (the effect).",,
236,Abeesee has the problem of improper heating in homes,No,No,TRUE,No,,"Statement, No cause/effect relationship",Possible cause ,TRUE,No,FALSE,The statement describes a property or condition (improper heating) that Abeesee has but does not indicate any cause-effect relationship.,,
1064,Information about remote Abeesee determines the costs of installing a fuel pipeline,Yes,Yes,TRUE,Yes,"b) Causal verbs: cause, result, produce, generate, lead, induce, trigger, prompt","Implicit, X is related to Y", ,TRUE,Yes,TRUE,"The statement uses the verb 'determines', which indicates that information about remote Abeesee directly influences or sets the costs of installing a fuel pipeline, establishing a clear causal relationship.",,
1548,Creating alternative heating initiatives leads to increased economic revenue in the town,Yes,Yes,TRUE,Yes,"b) Causal verbs: cause, result, produce, generate, lead, induce, trigger, prompt","Direct, X leads to Y", ,TRUE,Yes,TRUE,"The statement uses a direct causal verb 'leads to', indicating that creating alternative heating initiatives directly results in increased economic revenue in the town.",,
1195,Understanding the material of houses helps determine if heating sources cause deaths due to house structure,Yes,Yes,TRUE,Yes,"b) Causal verbs: cause, result, produce, generate, lead, induce, trigger, prompt","Implicit, X is related to Y", ,TRUE,Yes,TRUE,"The statement implies that understanding the material of houses can help determine if heating sources cause deaths due to house structure, suggesting a causal relationship between heating sources and potential deaths, mediated by the house structure.",,
949,A 5 paragraph Operations Order format is used to organize the solution,No,No,TRUE,No,,"Statement, No cause/effect relationship",Not a segment ,TRUE,No,FALSE,The statement describes a format (5 paragraph Operations Order) that is used for organizing information but does not indicate any direct causal relationship where one event or action leads to another.,,
425,The fuel industry is involved with stakeholders,No,No,TRUE,No,,"Statement, No cause/effect relationship",Identifies actors ,TRUE,No,FALSE,The statement describes involvement between the fuel industry and stakeholders but does not indicate any direct causal relationship or influence.,,
2229,Villagers belong to the regional leadership,No,No,TRUE,No,,"Statement, No cause/effect relationship",Identifies actors ,TRUE,No,FALSE,The statement indicates category membership or affiliation rather than a causal relationship.,,
2026,High heating costs lead to people using improper heating methods,Yes,Yes,TRUE,Yes,"b) Causal verbs: cause, result, produce, generate, lead, induce, trigger, prompt","Direct, X leads to Y", ,TRUE,Yes,TRUE,"The statement uses a direct causal verb 'lead to', indicating that high heating costs (the cause) directly influence people using improper heating methods (the effect).",,
630,Abeesee starts a charity to expose issues in Abeesee,Yes,Yes,TRUE,Yes,"f) Causal reasoning: expressions of purpose (to, in order to), statements of intention (intend to, aim to)","Implicit, X is related to Y",(in order to expose) ,TRUE,Yes,TRUE,"The statement implies that starting a charity (the cause) is intended to expose issues in Abeesee (the effect), suggesting a purposeful causal relationship.",,
249,Heating is perceived as too expensive,No,No,TRUE,No,,"Statement, No cause/effect relationship",Possible cause ,TRUE,No,FALSE,The statement describes a perception about heating costs but does not indicate any causal relationship between events or states.,,
1309,Knowing alternatives to getting heat can lead to finding ways around using fossil fuels,Yes,Yes,TRUE,Yes,"b) Causal verbs: cause, result, produce, generate, lead, induce, trigger, prompt","Direct, X leads to Y", ,TRUE,Yes,TRUE,"The statement indicates that knowing alternatives (cause) can lead to finding ways around using fossil fuels (effect), showing a clear causal relationship.",,
1458,The inability to afford proper heating causes deaths in Abeesee,Yes,Yes,TRUE,Yes,"b) Causal verbs: cause, result, produce, generate, lead, induce, trigger, prompt",Direct cause, ,TRUE,Yes,TRUE,The statement clearly indicates a direct causal relationship where the inability to afford proper heating (cause) leads to deaths (effect).,,
1465,Gathering information about the cost of heating units and their accessibility is needed in Abeesee,No,No,TRUE,No,,"Implicit, X is related to Y",Information needed ,TRUE,No,FALSE,The statement describes a need for information gathering but does not indicate any causal relationship between events or actions.,,
538,Rises in the cost of heating cause the village people to suffer,Yes,Yes,TRUE,Yes,"b) Causal verbs: cause, result, produce, generate, lead, induce, trigger, prompt",Direct cause, ,TRUE,Yes,TRUE,"The statement uses a direct causal verb 'cause', indicating that an increase in heating costs directly leads to suffering among village people.",,
565,The inability to pay for expensive fossil fuels causes the villagers of Abeesee to face death,Yes,Yes,TRUE,Yes,"b) Causal verbs: cause, result, produce, generate, lead, induce, trigger, prompt",Direct cause, ,TRUE,Yes,TRUE,The statement clearly indicates a direct causal relationship where the inability to pay for expensive fossil fuels (cause) leads to the villagers of Abeesee facing death (effect).,,
956,The cost of heat has varied over time in Abeesee,No,No,TRUE,No,,"Statement, No cause/effect relationship; a factor",Possible cause ,TRUE,No,FALSE,The statement describes a variation in the cost of heat over time but does not indicate any cause leading to this effect. It is purely descriptive and lacks causal indicators.,,
1261,Talking to foreign policy leaders helps form an understanding of the situation in Abeesee,Yes,Yes,TRUE,Yes,"b) Causal verbs: cause, result, produce, generate, lead, induce, trigger, prompt","Implicit, X is related to Y", ,TRUE,Yes,TRUE,"The statement indicates that talking to foreign policy leaders (the cause) helps form an understanding of the situation in Abeesee (the effect), implying a direct causal relationship.",,
1987,Understanding the lack of resources in the town leads to seeking help from authorities,Yes,Yes,TRUE,Yes,"b) Causal verbs: cause, result, produce, generate, lead, induce, trigger, prompt","Direct, X leads to Y", ,TRUE,Yes,TRUE,The statement indicates a clear causal relationship where understanding the lack of resources (cause) directly leads to seeking help from authorities (effect).,,
117,Heating is too expensive for the Village of Abeesee,No,No,TRUE,No,,"Yes, Implicit, relationship between X and Y (cost and heating)",Possible cause ,TRUE,No,FALSE,The statement describes a condition (heating is too expensive) but does not indicate any causal relationship where one event or action leads to another.,,
2070,A sustainable energy group is involved in planning,No,No,TRUE,No,,"Statement, No cause/effect relationship; a factor",Identifies actors ,TRUE,No,FALSE,The statement describes involvement of a sustainable energy group in planning but does not indicate any cause and effect relationship.,,
2102,The high cost of fossil fuels causes casualties in the village,Yes,Yes,TRUE,Yes,"b) Causal verbs: cause, result, produce, generate, lead, induce, trigger, prompt",Direct cause, ,TRUE,Yes,TRUE,"The statement uses a direct causal verb 'causes', indicating that the high cost of fossil fuels directly leads to casualties in the village.",,
1939,The town provides relief in the short term,No,No,TRUE,No,,"Statement, No cause/effect relationship; a factor",Possible solution ,#N/A,Yes,TRUE,"The statement implies that the action of the town providing relief directly leads to a short-term effect, suggesting a causal relationship.",,
206,A more complete and thorough solution should be developed for the situation,No,No,TRUE,No,,"Statement, No cause/effect relationship; a factor",Generic ,TRUE,No,FALSE,"The statement suggests a recommendation or necessity but does not express a causal relationship between events, actions, or states.",,
998,Fossil fuels being expensive causes heat to be expensive,Yes,Yes,TRUE,Yes,"b) Causal verbs: cause, result, produce, generate, lead, induce, trigger, prompt",Direct cause, ,TRUE,Yes,TRUE,The statement uses a direct causal verb 'causes' indicating that the high cost of fossil fuels directly leads to or influences the high cost of heat.,,
1471,Knowing if the village has tried alternatives to fossil fuels is helpful,No,No,TRUE,No,,"Statement, No cause/effect relationship; a factor",Information needed ,TRUE,No,FALSE,The statement describes a condition (knowing if the village has tried alternatives) and its helpfulness but does not indicate any direct causal relationship between trying alternatives and an effect.,,
2166,The problem in Abeesee is serious,No,No,TRUE,No,,"Statement, No cause/effect relationship",Generic ,TRUE,No,FALSE,The statement describes the seriousness of a problem but does not indicate any cause or effect relationship.,,
1249,Fossil fuels are necessary for Abeesee's population to live,No,No,TRUE,No,,"Implicit, X is related to Y",Possible cause ,#N/A,Yes,TRUE,"The statement implies a necessity or dependency which suggests a causal relationship where fossil fuels (cause) enable the population of Abeesee to live (effect). However, the exact nature of this causation is not explicitly detailed.",,
419,Environmental protection measures may cause an increase in fossil fuel costs,Yes,Yes,TRUE,Yes,"b) Causal verbs: cause, result, produce, generate, lead, induce, trigger, prompt",Direct cause, ,TRUE,Yes,TRUE,"The statement uses 'may cause', indicating a potential direct causal relationship where environmental protection measures lead to an increase in fossil fuel costs.",,
1778,Issues with obtaining affordable heating sources put the lives of Abeesee's people at risk,Yes,Yes,TRUE,Yes,"b) Causal verbs: cause, result, produce, generate, lead, induce, trigger, prompt","Direct, X leads to Y", ,TRUE,Yes,TRUE,"The statement indicates that issues with obtaining affordable heating sources (the cause) directly put the lives of Abeesee's people at risk (the effect), showing a clear causal relationship.",,
1938,Providing relief is done in the short term by the town,No,No,TRUE,No,,"Statement, No cause/effect relationship",Possible solution ,TRUE,No,FALSE,"The statement describes an action (providing relief) and a timeframe (short term), but does not indicate that one event causes another. It lacks clear causal indicators.",,
1923,The government is involved with the largest heating company,No,No,TRUE,No,,"Statement, No cause/effect relationship",Identifies actors ,TRUE,No,FALSE,The statement describes involvement without indicating a direct causal relationship or influence between the government's involvement and any resulting effect on the heating company.,,
114,Local officials saying they cannot help leads to me reaching out to citizen assistance organizations,Yes,Yes,TRUE,Yes,"b) Causal verbs: cause, result, produce, generate, lead, induce, trigger, prompt","Direct, X leads to Y", ,TRUE,Yes,TRUE,The statement indicates a clear causal relationship where the action of local officials saying they cannot help directly leads to the effect of reaching out to citizen assistance organizations.,,
2105,Lack of information about funding availability results in unresolved issues,Yes,Yes,TRUE,Yes,"b) Causal verbs: cause, result, produce, generate, lead, induce, trigger, prompt","Direct, X leads to Y", ,TRUE,Yes,TRUE,"The statement uses 'results in', indicating that lack of information about funding availability directly leads to unresolved issues.",,
2132,I would reach out to the Villagers of Abeesee before understanding the situation,No,No,TRUE,No,,"Indirect, reaching out leads to more knowledge",Information needed ,TRUE,No,FALSE,The statement describes a sequence of actions (reaching out and then understanding) but does not indicate that one action causes or influences the other in a causal sense.,,
2129,The Villagers of Abeesee live in Abeesee,No,No,TRUE,No,,"Statement, No cause/effect relationship",Statement of fact ,TRUE,No,FALSE,This statement is purely descriptive and indicates where the Villagers of Abeesee live without implying any causal relationship.,,
99,An increase in prices leads to a lack of access to heat in Abeesee,Yes,Yes,TRUE,Yes,"b) Causal verbs: cause, result, produce, generate, lead, induce, trigger, prompt","Direct, X leads to Y", ,TRUE,Yes,TRUE,"The statement uses 'leads to', indicating a direct causal relationship where an increase in prices (cause) results in a lack of access to heat (effect)",,
845,The wind turbine costs around 1.3 million dollars,No,No,TRUE,No,,"Statement, No cause/effect relationship, factual",Statement of fact ,TRUE,No,FALSE,The statement provides a description of the cost of a wind turbine but does not indicate any causal relationship between events or states.,,
2119,The rising price of fossil fuels leads to the premature death of many residents in Abeesee,Yes,Yes,TRUE,Yes,"b) Causal verbs: cause, result, produce, generate, lead, induce, trigger, prompt","Direct, X leads to Y", ,TRUE,Yes,TRUE,"The statement uses a direct causal verb 'leads to', indicating that the rising price of fossil fuels directly results in the premature death of many residents in Abeesee.",,
642,Abeesee needs to know how much money to gather,No,No,TRUE,No,,Information leads to ?,Information needed ,TRUE,No,FALSE,"The statement describes a need or requirement but does not express any causal relationship between events, actions, or states.",,
2038,A lack of affordable heating causes problems in the village,Yes,Yes,TRUE,Yes,"b) Causal verbs: cause, result, produce, generate, lead, induce, trigger, prompt",Direct cause, ,TRUE,Yes,TRUE,The statement clearly indicates a causal relationship where 'a lack of affordable heating' (the cause) directly leads to 'problems in the village' (the effect).,,
775,Raise money through taxes results in funding,Yes,Yes,TRUE,Yes,"b) Causal verbs: cause, result, produce, generate, lead, induce, trigger, prompt","Direct, X leads to Y", ,TRUE,Yes,TRUE,"The statement indicates that raising money through taxes directly leads to or causes funding, showing a clear causal relationship.",,
1088,A lack of affordable heating systems causes people in the town to die,Yes,Yes,TRUE,Yes,"b) Causal verbs: cause, result, produce, generate, lead, induce, trigger, prompt",Direct cause, ,TRUE,Yes,TRUE,The statement clearly indicates a direct causal relationship where 'a lack of affordable heating systems' (the cause) leads to 'people in the town to die' (the effect). The use of the verb 'causes' is a strong indicator of causation.,,
795,Abeesee reallocates funds to help community members afford heating expenses,Yes,Yes,TRUE,Yes,"f) Causal reasoning: expressions of purpose (to, in order to), statements of intention (intend to, aim to)","Direct, X leads to Y","implied: ""in order to help…"") ",TRUE,Yes,TRUE,"The statement indicates that Abeesee's action (reallocating funds) directly leads to an effect (helping community members afford heating expenses), which implies a clear causal relationship.",,
2219,Houses with increased insulation require less heating,Yes,Yes,TRUE,Yes,"e) Implied causation: If-then constructions, resultative constructions","Direct, relationship",Resultative ,TRUE,Yes,TRUE,The statement implies a direct causal relationship where the cause (increased insulation) leads to the effect (require less heating).,,
2080,The government oversees the village,No,No,TRUE,No,,"Statement, No cause/effect relationship, factual",Statement of fact ,TRUE,No,FALSE,The statement describes an administrative or supervisory relationship but does not imply a direct causal influence where one event leads to another.,,
2120,The rising price of fossil fuels leads to the premature death of many residents in Abeesee,Yes,Yes,TRUE,Yes,"b) Causal verbs: cause, result, produce, generate, lead, induce, trigger, prompt","Direct, X leads to Y", ,TRUE,Yes,TRUE,"The statement uses a direct causal verb 'leads to', indicating that the rising price of fossil fuels directly results in the premature death of many residents in Abeesee.",,
202,Each solution has potential consequences for the residents of Abeesee,No,No,TRUE,No,,"Statement, No cause/effect relationship, factual",Generic ,#N/A,Yes,TRUE,"The statement implies that each solution (cause) has potential consequences (effect) for the residents of Abeesee, suggesting a causal relationship where solutions lead to certain outcomes or effects on the residents.",,
1125,Raising money leads to purchasing heating,Yes,Yes,TRUE,Yes,"b) Causal verbs: cause, result, produce, generate, lead, induce, trigger, prompt","Direct, X leads to Y", ,TRUE,Yes,TRUE,"The statement uses the direct causal verb 'leads to', indicating that raising money directly results in or influences the action of purchasing heating.",,
735,Working with non-profit organizations helps people in the village with heating needs,Yes,No,#N/A,Yes,,"Direct, relationship",Possible solution ,TRUE,Yes,TRUE,"The statement indicates that working with non-profit organizations (cause) leads to helping people in the village with heating needs (effect), showing a clear causal relationship.",Yes,"I would have said yes because it sounds like a resultative construction, though it's a pretty distal effect"
1115,The high cost of fossil fuels causes many Abeesee residents to go without proper heating,Yes,Yes,TRUE,Yes,"b) Causal verbs: cause, result, produce, generate, lead, induce, trigger, prompt",Direct cause, ,TRUE,Yes,TRUE,"The statement clearly indicates that the high cost of fossil fuels (cause) directly leads to Abeesee residents going without proper heating (effect), using the causal verb 'causes'.",,
1289,Finding answers to necessary questions leads to reaching out to groups,Yes,Yes,TRUE,Yes,"b) Causal verbs: cause, result, produce, generate, lead, induce, trigger, prompt","Direct, X leads to Y", ,TRUE,Yes,TRUE,"The statement uses a direct causal verb 'leads to', indicating that finding answers to necessary questions directly results in reaching out to groups.",,
1266,Inviting investors leads to receiving money from investors,Yes,Yes,TRUE,Yes,"b) Causal verbs: cause, result, produce, generate, lead, induce, trigger, prompt","Direct, X leads to Y", ,TRUE,Yes,TRUE,"The statement uses a direct causal verb 'leads to', indicating that inviting investors (the cause) directly results in receiving money from them (the effect).",,
1182,Harsh winters cause severe problems with heating homes in Abeesee,Yes,Yes,TRUE,Yes,"b) Causal verbs: cause, result, produce, generate, lead, induce, trigger, prompt",Direct cause, ,TRUE,Yes,TRUE,"The statement uses a direct causal verb 'cause', indicating that harsh winters directly lead to severe problems with heating homes in Abeesee.",,
1558,Villages obtain fossil fuel energy from certain sources,No,No,TRUE,No,,"Statement, No cause/effect relationship, factual",Statement of fact ,TRUE,No,FALSE,The statement describes a source of energy for villages but does not indicate any causal relationship where one event/action/state directly leads to or influences another.,,
1760,Fossil fuel industry representatives exist in Abeesee,No,No,TRUE,No,,"Statement, No cause/effect relationship",Identifies actors ,TRUE,No,FALSE,The statement describes the existence of fossil fuel industry representatives in a location (Abeesee) without implying any cause or effect relationship.,,
2126,Knowing the price of fossil fuels is required before developing a response in Abeesee,No,No,TRUE,No,,"Implicit, X is related to Y",Information needed ,TRUE,No,FALSE,The statement indicates a requirement or necessity rather than a causal relationship between knowing the price of fossil fuels and developing a response in Abeesee.,,
726,Non-profit groups would raise money for Abeesee village,No,No,TRUE,No,,"Statement, No cause/effect relationship",Possible solution ,TRUE,No,FALSE,The statement describes an action (raising money) by non-profit groups for Abeesee village but does not indicate a causal relationship where one event directly leads to or influences another.,,
221,Information is available about surrounding villages,No,No,TRUE,No,,"Statement, No cause/effect relationship",Statement of fact ,TRUE,No,FALSE,The statement describes availability of information but does not indicate any causal relationship between events or states.,,
2125,The planner needs to know the types of homes most residents of Abeesee live in,No,No,TRUE,No,,"Statement, No cause/effect relationship",Information needed ,TRUE,No,FALSE,The statement describes a requirement or need for information but does not indicate any causal relationship between knowing the types of homes and an effect.,,
1944,The person attracts larger companies to invest in the area,No,No,TRUE,No,,"Statement, No cause/effect relationship",Possible solution ,#N/A,Yes,TRUE,"The statement indicates that the presence or actions of 'the person' directly lead to larger companies investing in the area, which is a clear causal relationship.",,
1813,The Village of Abeesee lacks policy intervention,No,No,TRUE,No,,"Statement, No cause/effect relationship, factual",Statement of fact ,TRUE,No,FALSE,The statement describes a lack of policy intervention in the Village of Abeesee but does not indicate any causal relationship between this lack and an effect or outcome.,,
475,Villagers going without heat causes them to suffer,Yes,Yes,TRUE,Yes,"b) Causal verbs: cause, result, produce, generate, lead, induce, trigger, prompt",Direct cause, ,TRUE,Yes,TRUE,The statement clearly indicates a direct causal relationship where the cause (villagers going without heat) leads to an effect (them suffering).,,
702,The planner tries to understand the needs of the town's people,No,No,TRUE,No,,"Statement, No cause/effect relationship",Information needed ,TRUE,No,FALSE,The statement describes an action (the planner trying to understand) but does not indicate a direct cause leading to an effect or any influence on another event/state. It is more of a descriptive statement about the planner's actions.,,
1593,The average income of Abeesee residents is associated with the average heating expenses in Abeesee,No,No,TRUE,No,n) Correlation vs. Causation: Be cautious not to confuse correlation with causation,"Relationship, correlation", ,TRUE,No,FALSE,The statement indicates an association or correlation between average income and average heating expenses but does not imply a direct causal relationship.,,
1578,A stakeholder helps power the world,No,No,TRUE,No,,"Statement, No cause/effect relationship",Identifies actors ,#N/A,Yes,TRUE,"The verb 'helps' suggests a causal relationship where the action of a stakeholder contributes to or influences the outcome (powering the world). However, the exact nature and mechanism of this causation are not clearly specified.",,
1157,Insulating the houses saves energy,Yes,Yes,TRUE,Yes,"g) Types of causatives: Lexical, Morphological, Periphrastic","Direct, X leads to Y",Lexical save,TRUE,Yes,TRUE,"The statement indicates that insulating houses (cause) directly leads to saving energy (effect), showing a clear causal relationship.",,
2171,The Abeesee local government is involved in planning a response,No,No,TRUE,No,,"Statement, No cause/effect relationship",Identifies actors ,TRUE,No,FALSE,The statement describes involvement in planning but does not indicate any cause and effect relationship.,,
1908,The speaker asks the government to help with heating expenses,No,No,TRUE,No,,"Statement, No cause/effect relationship",Possible solution ,TRUE,No,FALSE,The statement describes a request or action but does not indicate that one event directly causes another. It lacks clear causal indicators.,,
1901,The cost of fossil fuels is rising,No,No,TRUE,No,,"Statement, No cause/effect relationship",Possible cause ,TRUE,No,FALSE,The statement describes an observation about the rising cost of fossil fuels but does not indicate any cause or effect relationship.,,
567,The inquiry seeks information about the surrounding areas of the Village of Abeesee,No,No,TRUE,No,,"Statement, No cause/effect relationship",Information needed ,TRUE,No,FALSE,The statement describes a purpose or goal (seeking information) but does not indicate any causal relationship between events or states.,,
1161,The size of the apartments determines the amount of gas needed to keep houses warm,No,No,TRUE,No,n) Correlation vs. Causation: Be cautious not to confuse correlation with causation,"Relationship, correlation",Information needed ,#N/A,Yes,TRUE,"The statement uses 'determines', which is a strong indicator of causation, showing that the size of the apartments directly influences the amount of gas needed for heating.",,
1897,Rising costs of fossil fuels cause residents of Abeesse to be unable to afford home heating,Yes,Yes,TRUE,Yes,"b) Causal verbs: cause, result, produce, generate, lead, induce, trigger, prompt",Direct cause, ,TRUE,Yes,TRUE,The statement clearly indicates a causal relationship where rising costs of fossil fuels (the cause) directly lead to residents of Abeesse being unable to afford home heating (the effect).,,
880,Residents cannot afford heat during winter,No,No,TRUE,No,,"Statement, No cause/effect relationship",Possible cause ,TRUE,No,FALSE,The statement describes a condition or situation but does not indicate any causal relationship between events or states.,,
2034,The government subsidizes heating and oil costs for residents,No,No,TRUE,No,,"Statement, No cause/effect relationship",Possible solution ,#N/A,Yes,TRUE,The statement indicates a clear causal relationship where the government's action (subsidizing heating and oil costs) directly influences an effect (reduced financial burden on residents for these costs),,
1712,Creating other renewable resources could provide ways for individuals to warm their homes,Yes,Yes,TRUE,Yes,"g) Types of causatives: Lexical, Morphological, Periphrastic","Direct, X leads to Y",also kLexical could provide,TRUE,Yes,TRUE,"The statement suggests that creating other renewable resources (cause) could lead to ways for individuals to warm their homes (effect), implying a potential causal relationship, though the certainty is moderated by the use of 'could', indicating possibility rather than definiteness.",,
843,Switching to wind energy helps the village,Yes,Yes,TRUE,Yes,"e) Implied causation: If-then constructions, resultative constructions","Direct, X leads to Y",Possible solution ,TRUE,Yes,TRUE,"The statement indicates that switching to wind energy (cause) has a beneficial effect on the village (effect), implying a direct positive influence.",,
1544,Prominent leaders are involved in planning,No,No,TRUE,No,,"Statement, No cause/effect relationship",Identifies actors ,TRUE,No,FALSE,The statement describes involvement of prominent leaders in planning but does not indicate any cause and effect relationship.,,
1310,Knowing the alternatives to getting heat is needed for residents in the Village of Abeesee,No,No,TRUE,No,,"Statement, No cause/effect relationship",Information needed ,TRUE,No,FALSE,The statement describes a need or requirement but does not indicate that knowing alternatives directly causes an effect for residents. It lacks clear causal indicators.,,
2044,The citizens of the town would be involved,No,No,TRUE,No,,"Statement, No cause/effect relationship",Identifies actors ,TRUE,No,FALSE,The statement does not indicate any cause and effect relationship; it merely states a condition or involvement without specifying what leads to this involvement.,,
751,Severe climate exists in Abeesee,No,No,TRUE,No,,"Statement, No cause/effect relationship, factual",Possible cause ,TRUE,No,FALSE,"The statement describes a condition or state (severe climate) existing in a location (Abeesee), but does not indicate any causal relationship.",,
895,The government's unwillingness to help with heat affordability causes potential future price increases,Yes,Yes,TRUE,Yes,"b) Causal verbs: cause, result, produce, generate, lead, induce, trigger, prompt",Direct cause, ,TRUE,Yes,TRUE,The statement indicates a clear causal relationship where the government's unwillingness (cause) directly leads to potential future price increases (effect).,,
1415,Identifying vulnerable groups leads to working with the government,Yes,Yes,TRUE,Yes,"b) Causal verbs: cause, result, produce, generate, lead, induce, trigger, prompt","Direct, X leads to Y", ,TRUE,Yes,TRUE,"The statement indicates that identifying vulnerable groups (the cause) directly leads to working with the government (the effect), showing a clear causal relationship.",,
648,I ask for help from organizations like Habitat for Humanity,No,No,TRUE,No,,"Statement, No cause/effect relationship",Possible solution ,TRUE,No,FALSE,The statement describes an action (asking for help) but does not indicate a causal relationship where one event directly leads to or influences another.,,
811,The speaker wants to hear the government's explanation,No,No,TRUE,No,,"Statement, No cause/effect relationship",Information needed ,TRUE,No,FALSE,The statement expresses a desire or intention but does not indicate any causal relationship between events or actions.,,
1604,Lack of knowledge is associated with difficulty in keeping warm without a heated house,No,No,TRUE,No,n) Correlation vs. Causation: Be cautious not to confuse correlation with causation,"Relationship, correlation", ,TRUE,No,FALSE,"The statement indicates an association or correlation between lack of knowledge and difficulty in keeping warm without a heated house, but does not imply a direct causal relationship.",,
1110,Reaching out to neighbors/allies of Abeesee could result in receiving aid such as money or heating materials,Yes,Yes,TRUE,Yes,"b) Causal verbs: cause, result, produce, generate, lead, induce, trigger, prompt","Direct, X leads to Y",also k ,TRUE,Yes,TRUE,"The statement suggests that an action (reaching out to neighbors/allies) could lead to a specific outcome (receiving aid), indicating a potential causal relationship, though the certainty is not absolute due to the use of 'could'.",,
1853,Votes will be taken among the people of Abeesee,No,No,TRUE,No,,"Statement, No cause/effect relationship",Possible solution ,TRUE,No,FALSE,The statement describes an action (votes will be taken) but does not indicate any cause and effect relationship.,,
2141,Prices increasing for fossil fuels makes heating unaffordable for Abeesee villagers,Yes,Yes,TRUE,Yes,"b) Causal verbs: cause, result, produce, generate, lead, induce, trigger, prompt","Direct, X leads to Y", ,TRUE,Yes,TRUE,The statement indicates a clear causal relationship where the cause (prices increasing for fossil fuels) directly leads to the effect (heating becoming unaffordable for Abeesee villagers). The use of 'makes' as a direct causal verb supports this interpretation.,,
271,Involving engineers is important for planning a response,No,No,TRUE,No,,"Statement, No cause/effect relationship",Identifies actors ,TRUE,No,FALSE,The statement indicates importance but does not specify a direct causal relationship where involving engineers leads to or influences planning a response. It suggests relevance rather than causation.,,
773,A team needs to research Abeesee and surrounding villages/towns,No,No,TRUE,No,,"Statement, No cause/effect relationship",Information needed ,TRUE,No,FALSE,The statement describes a need for action (research) but does not indicate any causal relationship between events or actions.,,
1619,Restrictive rules prevent heat sources from being brought into the town,Yes,Yes,TRUE,Yes,"b) Causal verbs: cause, result, produce, generate, lead, induce, trigger, prompt","Direct, X leads to Y", ,TRUE,Yes,TRUE,"The statement indicates that restrictive rules (cause) prevent or stop heat sources from being brought into the town (effect), showing a clear causal relationship.",,
489,The environmental and economical stance of Abeesee causes the problem,Yes,Yes,TRUE,Yes,"b) Causal verbs: cause, result, produce, generate, lead, induce, trigger, prompt",Direct cause, ,TRUE,Yes,TRUE,"The statement uses 'causes' which directly indicates that the environmental and economical stance of Abeesee leads to or results in a problem, establishing a clear causal relationship.",,
1651,Affordability issues contribute to problems faced by the Abeesee,Yes,Yes,TRUE,Yes,"b) Causal verbs: cause, result, produce, generate, lead, induce, trigger, prompt","Relationship, correlation", ,TRUE,Yes,TRUE,"The statement indicates that affordability issues (cause) contribute to or lead to problems faced by the Abeesee (effect), showing a clear causal relationship.",,
299,People of Abeesee require reliable electricity near them,No,No,TRUE,No,,"Statement, No cause/effect relationship",Statement of factcould be possible cause? ,TRUE,No,FALSE,The statement describes a requirement or condition but does not express a causal relationship where one event directly leads to another.,,
2015,Planners require knowledge about resources located around the village,No,No,TRUE,No,,"Statement, No cause/effect relationship",Information needed ,TRUE,No,FALSE,"The statement describes a requirement or necessity but does not indicate that one event directly leads to another. It is more of a descriptive statement about what planners need, rather than expressing causation.",,
1537,High prices cause a scarcity of basic needs in Abeesee,Yes,Yes,TRUE,Yes,"b) Causal verbs: cause, result, produce, generate, lead, induce, trigger, prompt",Direct cause, ,TRUE,Yes,TRUE,"The statement uses the direct causal verb 'cause', indicating that high prices directly lead to a scarcity of basic needs in Abeesee.",,
1891,Human rights groups have an interest in planning a response,No,No,TRUE,No,,"Statement, No cause/effect relationship",Identifies actors ,TRUE,No,FALSE,The statement describes an interest or intention without indicating any cause-and-effect relationship.,,
216,The government aims to use tax money to lower heating costs,Yes,No,#N/A,Yes,,"Direct, X leads to Y",Possible solution ,TRUE,Yes,TRUE,The statement indicates a clear causal relationship where the government's use of tax money (cause) is intended to lower heating costs (effect). The phrase 'to lower' suggests purpose and direct influence.,Yes,"explicit marker (""aims to"" as synonym for ""in order to"") or causal reasoning (type f)"
1297,Groups not going without heat in the last 2 years would be involved,No,No,TRUE,No,,"Statement, No cause/effect relationship",Identifies actors ,TRUE,No,FALSE,The statement does not indicate a clear causal relationship; it lacks explicit causative verbs or phrases and appears to describe a condition or group characteristic rather than an effect caused by another event or action.,,
1456,"Raising money leads to providing access to a shared, heated public space",Yes,Yes,TRUE,Yes,"b) Causal verbs: cause, result, produce, generate, lead, induce, trigger, prompt","Direct, X leads to Y", ,TRUE,Yes,TRUE,"The statement uses 'leads to', indicating that raising money directly results in providing access to a shared, heated public space.",,
1679,Research leads to addressing higher authority,Yes,Yes,TRUE,Yes,"b) Causal verbs: cause, result, produce, generate, lead, induce, trigger, prompt","Direct, X leads to Y", ,TRUE,Yes,TRUE,"The statement indicates that 'research' directly leads to or influences 'addressing higher authority', which suggests a clear causal relationship.",,
1905,Individuals working in the environmental field will be involved,No,No,TRUE,No,,"Statement, No cause/effect relationship",Identifies actors ,TRUE,No,FALSE,The statement does not indicate any causal relationship; it merely states a future involvement without specifying a cause-and-effect dynamic.,,
666,A doctor or a knowledgeable person should be involved in planning a response to Abeesee's heating issues,No,No,TRUE,No,,"Statement, No cause/effect relationship",Identifies actors ,TRUE,No,FALSE,The statement suggests a recommendation or necessity but does not indicate that involvement of a doctor or knowledgeable person directly causes an effect on Abeesee's heating issues. It lacks clear causation indicators.,,
1420,Abeesee provides heat for the community,No,No,TRUE,No,,"Statement, No cause/effect relationship",Possible solution ,#N/A,Yes,TRUE,"The statement indicates that Abeesee (presumably a power plant or heating facility) provides heat, which directly leads to the community receiving warmth, establishing a clear causal relationship.",,
504,Gathering authority figures and interested shareholders leads to forming a team,Yes,Yes,TRUE,Yes,"b) Causal verbs: cause, result, produce, generate, lead, induce, trigger, prompt","Direct, X leads to Y", ,TRUE,Yes,TRUE,"The statement uses 'leads to', indicating that gathering authority figures and interested shareholders directly results in forming a team.",,
1829,Rising fossil fuel prices cause Abeesee people to be unable to afford heat,Yes,Yes,TRUE,Yes,"b) Causal verbs: cause, result, produce, generate, lead, induce, trigger, prompt",Direct cause, ,TRUE,Yes,TRUE,The statement uses a direct causal verb 'cause' indicating that rising fossil fuel prices directly lead to Abeesee people being unable to afford heat.,,
2097,The local government needs to access socioeconomic factors in Abeesee,No,No,TRUE,No,,"Statement, No cause/effect relationship",Information needed ,TRUE,No,FALSE,The statement describes a need for accessing socioeconomic factors but does not indicate any causal relationship between these factors and an effect or outcome.,,
1614,Lack of accessible heat causes deaths in Abeesee,Yes,Yes,TRUE,Yes,"b) Causal verbs: cause, result, produce, generate, lead, induce, trigger, prompt",Direct cause, ,TRUE,Yes,TRUE,"The statement uses a direct causal verb 'causes', indicating that lack of accessible heat directly leads to deaths in Abeesee.",,
11,The size of the budget affects what access to resources the Abeesee people have,Yes,Yes,TRUE,Yes,"b) Causal verbs: cause, result, produce, generate, lead, induce, trigger, prompt","Direct, X leads to Y", ,TRUE,Yes,TRUE,"The statement uses the verb 'affects', which indicates a causal relationship where the size of the budget influences access to resources for the Abeesee people.",,
405,I want to communicate with energy companies,No,No,TRUE,No,,"Statement, No cause/effect relationship",Identifies actors ,TRUE,No,FALSE,The statement expresses a desire or intention without indicating any cause and effect relationship.,,
390,Knowing more about the town and surrounding areas allows response planners to find other heat sources,No,Yes,#N/A,Yes,"g) Types of causatives: Lexical, Morphological, Periphrastic",Correlation,Lexical allows,TRUE,Yes,TRUE,"The statement indicates that knowing more about the town and surrounding areas (the cause) directly enables or allows response planners to find other heat sources (the effect), implying a clear causal relationship.",Yes,allows; possibly periphrastic enabling condition
2023,Locating other heating resources helps heat homes,Yes,Yes,TRUE,Yes,"b) Causal verbs: cause, result, produce, generate, lead, induce, trigger, prompt","Implicit, X leads to Y", ,TRUE,Yes,TRUE,"The statement indicates that locating other heating resources (cause) directly contributes to or helps in heating homes (effect), showing a clear causal relationship.",,
923,Heat loss in Abeesee caused a loss of lives,Yes,Yes,TRUE,Yes,"b) Causal verbs: cause, result, produce, generate, lead, induce, trigger, prompt",Direct cause, ,TRUE,Yes,TRUE,"The statement indicates that heat loss directly led to a loss of lives, showing a clear causal relationship.",,
804,A meeting is called by me with town council members,No,No,TRUE,No,,"Statement, No cause/effect relationship",Possible solution ,TRUE,No,FALSE,The statement describes an action (calling a meeting) but does not indicate that this action leads to or influences another event or state in a causal manner.,,
893,The speaker plans to involve the government,No,No,TRUE,No,,"Statement, No cause/effect relationship",Identifies actors ,TRUE,No,FALSE,The statement describes a plan or intention but does not indicate any causal relationship where one event directly leads to another.,,
1565,The speaker wants to contact the leaders of Abeesee,No,No,TRUE,No,,"Statement, No cause/effect relationship",Identifies actors ,TRUE,No,FALSE,The statement expresses a desire or intention but does not indicate any causal relationship between events or actions.,,
1730,Researchers determine what is needed,No,No,TRUE,No,,"Statement, No cause/effect relationship",Information needed ,TRUE,No,FALSE,The statement describes an action (determine) but does not indicate a cause-and-effect relationship between two events or states.,,
1339,The Abeesee government is involved in addressing heat loss,No,No,TRUE,No,,"Statement, No cause/effect relationship",Identifies actors ,TRUE,No,FALSE,The statement describes involvement without indicating a direct causal relationship between government action and an effect or outcome.,,
126,Not being able to afford heating causes people to face major problems,Yes,Yes,TRUE,Yes,"b) Causal verbs: cause, result, produce, generate, lead, induce, trigger, prompt",Direct cause, ,TRUE,Yes,TRUE,The statement clearly indicates a direct causal relationship where the inability to afford heating (cause) leads to people facing major problems (effect).,,
940,The user wants to know the identities of heating providers in Abeesee,No,No,TRUE,No,,"Statement, No cause/effect relationship",Information needed ,TRUE,No,FALSE,"The statement expresses a desire or purpose but does not indicate any causal relationship between events, actions, or states.",,
1221,People in Abeesee communicate with the government,No,No,TRUE,No,,"Statement, No cause/effect relationship",Possible solution ,TRUE,No,FALSE,The statement describes a form of communication between people and the government but does not indicate any causal relationship where one action or state leads to another.,,
213,The government is involved in planning a response,No,No,TRUE,No,,"Statement, No cause/effect relationship",Identifies actors ,TRUE,No,FALSE,The statement describes involvement in an activity (planning a response) but does not indicate any cause and effect relationship.,,
547,Extreme weather conditions could cause failures in the power grid,Yes,Yes,TRUE,Yes,"b) Causal verbs: cause, result, produce, generate, lead, induce, trigger, prompt",Direct cause, ,TRUE,Yes,TRUE,"The statement uses 'could cause', indicating that extreme weather conditions have the potential to directly lead to failures in the power grid, which is a clear causal relationship.",,
2177,The project will make the houses in the village more energy efficient,Yes,Yes,TRUE,Yes,"b) Causal verbs: cause, result, produce, generate, lead, induce, trigger, prompt","Implicit, X leads to Y", ,TRUE,Yes,TRUE,"The statement indicates a clear causal relationship where 'the project' (cause) will lead to 'houses in the village becoming more energy efficient' (effect). The verb 'make' is used, which strongly implies causation.",,
1466,Gathering information about heating costs affects planning for heating system installation in abeesee,Yes,Yes,TRUE,Yes,"b) Causal verbs: cause, result, produce, generate, lead, induce, trigger, prompt","Implicit, X leads to Y", ,TRUE,Yes,TRUE,"The statement implies that gathering information about heating costs has an influence on planning for heating system installation, suggesting a causal relationship where one action (gathering information) affects another (planning).",,
2004,The observer visits the Village of Abeesee to observe the climate,No,No,TRUE,No,,"Statement, No cause/effect relationship",Information needed ,TRUE,No,FALSE,"The statement describes an action (visiting) and a purpose (to observe the climate), but does not indicate any causal relationship between these elements.",,
1941,People without heating can stay at community centers,No,No,TRUE,No,,"Statement, No cause/effect relationship",Possible solution ,TRUE,No,FALSE,"The statement describes a situation where people without heating have an option to stay at community centers, but it does not indicate that one event directly causes another or implies any causal influence.",,
908,The person plans to find a better method to supply fuel to the fossil fuel industry,No,No,TRUE,No,,"Statement, No cause/effect relationship",Possible solution ,TRUE,No,FALSE,The statement describes a plan or intention but does not express a direct causal relationship between events or actions.,,
535,Assessing access to renewable resources will determine if cost-effective alternative energy sources can be used in Abeesee,Yes,No,#N/A,Yes,n) Correlation vs. Causation: Be cautious not to confuse correlation with causation,"Implicit, X leads to Y",A determines B ,TRUE,Yes,TRUE,"The statement indicates that assessing access to renewable resources (the cause) will determine if cost-effective alternative energy sources can be used (the effect), implying a direct causal relationship.",Yes,"might be an unhelpful statement, but does sound like a happening leads to b happening (where b is just that determination)"
564,Abeesee's inability to pay for expensive fossil fuels causes harsh cold winters in Abeesee,Yes,Yes,TRUE,Yes,"b) Causal verbs: cause, result, produce, generate, lead, induce, trigger, prompt",Direct cause, ,TRUE,Yes,TRUE,"The statement uses a direct causal verb 'causes' indicating that Abeesee's inability to pay for expensive fossil fuels directly leads to harsh cold winters in Abeesee, establishing a clear cause and effect relationship.",,
1663,Abeesee has little heat during winter seasons,No,No,TRUE,No,,"Statement, No cause/effect relationship",Possible cause ,TRUE,No,FALSE,"The statement is a descriptive one, indicating a characteristic of Abeesee during winter seasons without implying any cause or effect relationship.",,
1921,The village is located in a country,No,No,TRUE,No,,"Statement, No cause/effect relationship","Great example of the problem with parsing: the original is ""I also just want to know what country this village is in so I can see if they can provide resources to this area"" - there IS implied causality in the response (location impacts resource availability) but not in the segment ",TRUE,No,FALSE,This statement describes a spatial relationship (location of the village within a country) and does not imply any causal influence or effect.,,
282,Underlying conditions contribute to sources of energy for Abeesee,Yes,Yes,TRUE,Yes,"b) Causal verbs: cause, result, produce, generate, lead, induce, trigger, prompt","Direct, relationship", ,TRUE,Yes,TRUE,"The statement suggests that underlying conditions have a role in providing or enhancing sources of energy for Abeesee, implying a causal relationship where these conditions influence the availability or effectiveness of energy sources.",,
906,,No,No,TRUE,No,,Blank Statement, ,TRUE,No,FALSE,"The input text is 'nan', which does not express any relationship, causal or otherwise.",,
1267,Inviting investors leads to investors giving money to the village,Yes,Yes,TRUE,Yes,"b) Causal verbs: cause, result, produce, generate, lead, induce, trigger, prompt","Direct, X leads to Y", ,TRUE,Yes,TRUE,"The statement uses a direct causal verb 'leads to', indicating that inviting investors (the cause) directly results in investors giving money to the village (the effect).",,
1774,The local government provides housing in the village,No,No,TRUE,No,,"Statement, No cause/effect relationship",Possible solution ,TRUE,No,FALSE,The statement describes an action (providing housing) by the local government but does not indicate a cause-and-effect relationship between this action and any resulting effect or outcome.,,
1825,The residents of the Village of Abeesee should be consulted,No,No,TRUE,No,,"Statement, No cause/effect relationship",Identifies actors ,TRUE,No,FALSE,"The statement is a recommendation or suggestion and does not express any causal relationship between events, actions, or states.",,
51,The speaker does not know the location of Abeesee,No,No,TRUE,No,,"Statement, No cause/effect relationship",Information needed ,TRUE,No,FALSE,The statement is a simple declaration of lack of knowledge and does not imply any causal relationship.,,
1524,The energy crisis in Abeesee is caused by the inability of villagers to access proper resources,Yes,Yes,TRUE,Yes,"b) Causal verbs: cause, result, produce, generate, lead, induce, trigger, prompt",Direct cause, ,TRUE,Yes,TRUE,"The statement uses the direct causal verb 'caused by', indicating that the inability of villagers to access proper resources directly leads to the energy crisis in Abeesee.",,
1551,Abeesee has complex problems,No,No,TRUE,No,,"Statement, No cause/effect relationship",Generic ,TRUE,No,FALSE,The statement is purely descriptive and does not indicate any causal relationship between Abeesee and having complex problems.,,
900,High fuel prices cause villagers to be unable to heat their homes,Yes,Yes,TRUE,Yes,"b) Causal verbs: cause, result, produce, generate, lead, induce, trigger, prompt",Direct cause, ,TRUE,Yes,TRUE,The statement clearly indicates a direct causal relationship where high fuel prices (cause) lead to villagers' inability to heat their homes (effect).,,
368,Local citizens lobby higher government officials,No,No,TRUE,No,,"Statement, No cause/effect relationship",Identifies actors ,TRUE,No,FALSE,The statement describes an action (lobbying) but does not indicate a clear cause and effect relationship between two events or states.,,
194,Knowing the natural resources surrounding Abeesee is important,No,No,TRUE,No,,"Statement, No cause/effect relationship",Information needed ,TRUE,No,FALSE,The statement expresses importance or value but does not indicate a causal relationship between knowing natural resources and any resulting effect.,,
328,The problem of heating homes affects the Abeesee residents,Yes,Yes,TRUE,Yes,"b) Causal verbs: cause, result, produce, generate, lead, induce, trigger, prompt","Implicit, relationship", ,TRUE,Yes,TRUE,"The verb 'affects' suggests that there is an influence or impact of the problem of heating homes on Abeesee residents, indicating a causal relationship.",,
1577,Stakeholders help power the world,No,No,TRUE,No,,"Statement, No cause/effect relationship",Identifies actors ,TRUE,No,FALSE,The statement does not indicate a clear causal relationship but rather suggests a supportive or contributory role without implying direct causation.,,
1832,Abeesee people dying is associated with not having heat,No,Yes,#N/A,No,m) Implicit causality: Verbs carrying implicit causal information,"Implicit, relationship OR correlation",Meaning vs semantic,TRUE,No,FALSE,"The statement indicates an association or correlation between Abeesee people dying and not having heat, but does not imply a direct causal relationship.",No,we know it's probably causal but if it's implied causation then it's heavily implied
1469,High prices of fossil fuels cause the village to have a major problem accessing heat during winter,Yes,Yes,TRUE,Yes,"b) Causal verbs: cause, result, produce, generate, lead, induce, trigger, prompt",Direct cause, ,TRUE,Yes,TRUE,"The statement clearly indicates that high prices of fossil fuels (cause) directly lead to a major problem accessing heat during winter in the village (effect), using the causal verb 'cause'.",,
205,A temporary solution should be implemented for the situation,No,No,TRUE,No,,"Statement, No cause/effect relationship",Generic ,TRUE,No,FALSE,The statement suggests a recommendation or action without indicating any cause-and-effect relationship.,,
851,Heating homes for the entire winter results in high expenses,Yes,Yes,TRUE,Yes,"b) Causal verbs: cause, result, produce, generate, lead, induce, trigger, prompt","Direct, X leads to Y", ,TRUE,Yes,TRUE,"The statement uses a direct causal verb 'results in', indicating that heating homes for the entire winter (the cause) leads to high expenses (the effect).",,
653,I would request donations of blankets from people in local communities,No,No,TRUE,No,,"Statement, No cause/effect relationship",Possible solution ,TRUE,No,FALSE,The statement is a request and does not express any causal relationship between events or actions.,,
989,The village belongs to whatever government it is part of,No,No,TRUE,No,,"Statement, No cause/effect relationship",Statement of fact ,TRUE,No,FALSE,"The statement expresses a category membership relationship ('belongs to', 'part of') rather than a causal one.",,
1660,"The lack of money causes the lack of heat in many homes in Abeesee during the cold, harsh winters",Yes,Yes,TRUE,Yes,"b) Causal verbs: cause, result, produce, generate, lead, induce, trigger, prompt",Direct cause, ,TRUE,Yes,TRUE,"The statement uses the direct causal verb 'causes' to indicate that the lack of money directly leads to the lack of heat in homes during winter, establishing a clear cause-and-effect relationship.",,
2084,The government collaborates with power plant companies on funding,No,No,TRUE,No,,"Statement, No cause/effect relationship",Possible solution ,TRUE,No,FALSE,The statement describes a collaborative action but does not indicate that one event directly leads to or influences another in a causal manner.,,
1818,Learning about other potential sources of sustainable and affordable energy is needed before developing a response to Abeesee's heating issue,No,No,TRUE,No,,"Statement, No cause/effect relationship",Information needed ,TRUE,No,FALSE,The statement indicates a sequence of actions (learning before developing) but does not express that one action directly causes or influences another in a causal sense.,,
518,Funding helps heating companies provide more reliable heat,Yes,Yes,TRUE,Yes,"b) Causal verbs: cause, result, produce, generate, lead, induce, trigger, prompt","Implicit, relationship", ,TRUE,Yes,TRUE,"The statement indicates that funding (cause) directly contributes to or enables heating companies to provide more reliable heat (effect), showing a clear causal relationship.",,
523,People of Abeesee cannot heat their homes efficiently,No,No,TRUE,No,,"Statement, No cause/effect relationship","Possible causeInteresting because the statement is more complex - it's about what people cannot do simultaneously (safe, efficiency, and cost-effective heating ",TRUE,No,FALSE,The statement describes a condition or state (inefficient heating) but does not indicate any cause leading to this effect.,,
787,Humanitarian groups from unaffected areas are sought to provide heaters for the people of Abeesee,Yes,No,#N/A,No,,"Implicit, X leads to Y",Possible solution ,TRUE,No,FALSE,The statement describes a request or action but does not indicate that one event directly leads to another. It lacks clear causal indicators and instead focuses on an action (providing heaters) without establishing a cause-effect relationship.,No,solution is too indirect between cause and effect
174,High taxes on fossil fuels cause high heat prices,Yes,Yes,TRUE,Yes,"b) Causal verbs: cause, result, produce, generate, lead, induce, trigger, prompt",Direct cause, ,TRUE,Yes,TRUE,"The statement uses a direct causal verb 'cause', indicating that high taxes on fossil fuels directly lead to high heat prices.",,
1362,Abeesee has access to natural resources,No,No,TRUE,No,,"Statement, No cause/effect relationship",Statement of fact ,TRUE,No,FALSE,The statement describes a property or condition (access to natural resources) of Abeesee but does not indicate any causal relationship where one event/action/state leads to another.,,
40,The government is involved in planning a response,No,No,TRUE,No,,"Statement, No cause/effect relationship",Identifies actors ,TRUE,No,FALSE,The statement describes involvement in an activity (planning a response) but does not indicate any cause and effect relationship.,,
776,Research is conducted after implementing short-term changes,No,No,TRUE,No,,"Statement, No cause/effect relationship",Information needed ,TRUE,No,FALSE,The statement indicates a temporal sequence ('after') but does not imply that implementing short-term changes causes research to be conducted. It only states an order of events without suggesting causation.,,
1810,Lack of access/affordability of fossil fuels causes several people in Abeesee to die from unheated homes,Yes,Yes,TRUE,Yes,"b) Causal verbs: cause, result, produce, generate, lead, induce, trigger, prompt",Direct Cause, ,TRUE,Yes,TRUE,The statement clearly indicates a causal relationship where the lack of access/affordability of fossil fuels (cause) directly leads to deaths from unheated homes (effect).,,
797,The town has taken actions to provide assistance,No,No,TRUE,No,,"Statement, No cause/effect relationship",Generic ,TRUE,No,FALSE,The statement describes an action taken by the town but does not indicate a cause-and-effect relationship with any resulting effect or outcome.,,
1276,Heating companies increase prices,No,No,TRUE,No,,"Statement, No cause/effect relationship",Possible cause ,TRUE,No,FALSE,The statement describes an action (increasing prices) by heating companies but does not indicate any cause or effect relationship.,,
69,The town seeks to find a cheaper method to produce necessary heat,No,No,TRUE,No,,"Statement, No cause/effect relationship",Possible solution ,TRUE,No,FALSE,The statement describes a goal or purpose but does not express a direct causal relationship between events or actions.,,
1414,The task is to identify the most vulnerable groups in Abeesee,No,No,TRUE,No,,"Statement, No cause/effect relationship",Information needed ,TRUE,No,FALSE,"The statement is a directive or task description and does not express any causal relationship between events, actions, or states.",,
1632,The corporation's purpose is to maximize profits,No,No,TRUE,No,,"Statement, No cause/effect relationship",Statement of fact ,#N/A,Yes,TRUE,The statement implies a causal relationship where the defined purpose (to maximize profits) drives or influences the actions and decisions of the corporation.,,
1697,The government needs to know the status of public heating facilities' classes,No,No,TRUE,No,,"Statement, No cause/effect relationship",Information needed ,TRUE,No,FALSE,The statement describes a need or requirement without indicating any cause-and-effect relationship.,,
1984,The inability of village people to access proper resources exists,No,No,TRUE,No,,"Statement, No cause/effect relationship",Possible causeBut the statement is actually about the information the participant needs ,TRUE,No,FALSE,The statement describes a condition or state but does not indicate any cause leading to this state.,,
211,The economic stance of citizens is associated with the average temperature in Abeesee,No,No,TRUE,No,n) Correlation vs. Causation: Be cautious not to confuse correlation with causation,"Statement, correlation",Statement of fact ,TRUE,No,FALSE,"The statement indicates an association or correlation between citizens' economic stance and average temperature, but does not imply a direct causal relationship.",,
397,Abeesee has long and cold winters,No,No,TRUE,No,,"Statement, No cause/effect relationship",Possible cause ,TRUE,No,FALSE,"The statement is a descriptive one, indicating a characteristic of Abeesee's climate without implying any causal relationship.",,
14,Nonprofits offering resources and funds are involved in planning,No,No,TRUE,No,,"Statement, No cause/effect relationship",Identifies actors ,TRUE,No,FALSE,The statement describes involvement of nonprofits in planning but does not indicate a direct causal relationship where one action or state leads to another.,,
1797,The inquiry seeks information about the state of the economy in Abeesee,No,No,TRUE,No,,"Statement, No cause/effect relationship",Information needed ,TRUE,No,FALSE,The statement is a description of an action (seeking information) and its subject (the state of the economy in Abeesee). There is no indication of one event causing another.,,
1979,A lack of resources results in unsafe heating conditions in the winter,Yes,Yes,TRUE,Yes,"b) Causal verbs: cause, result, produce, generate, lead, induce, trigger, prompt","Direct, X leads to Y", ,TRUE,Yes,TRUE,"The statement uses a direct causal verb 'results in', indicating that a lack of resources directly leads to unsafe heating conditions in winter.",,
1600,The analysis examines the average income,No,No,TRUE,No,,"Statement, No cause/effect relationship",Information needed ,TRUE,No,FALSE,"The statement describes an action (examining) and a subject (average income), but does not indicate any causal relationship between events or states.",,
2001,Having a group of conservationists helps to determine a cheap and sustainable source of heating for the Village of Abeesee,Yes,Yes,TRUE,Yes,"g) Types of causatives: Lexical, Morphological, Periphrastic","Implicit, relationship",Lexical help,TRUE,Yes,TRUE,"The statement indicates that having a group of conservationists (the cause) leads to determining a cheap and sustainable source of heating (the effect), implying a direct causal relationship.",,
1140,Interviewing affected individuals helps understand the needs of the Abeesee community,Yes,Yes,TRUE,Yes,"g) Types of causatives: Lexical, Morphological, Periphrastic","Implicit, relationship",Lexical help,TRUE,Yes,TRUE,"The statement indicates that interviewing affected individuals (the cause) leads to a better understanding of the needs of the Abeesee community (the effect), showing a clear causal relationship.",,
1882,The actions of others cause consequences for the residents of Abeesee,Yes,Yes,TRUE,Yes,"b) Causal verbs: cause, result, produce, generate, lead, induce, trigger, prompt",Direct cause, ,TRUE,Yes,TRUE,"The statement uses the direct causal verb 'cause', indicating that the actions of others directly lead to consequences for the residents of Abeesee.",,
1926,Videos of what is truly going on in Abeesee village will be taken first,No,No,TRUE,No,,"Statement, No cause/effect relationship",Information needed ,TRUE,No,FALSE,The statement describes an action (videos being taken) but does not indicate any cause-effect relationship. It lacks causal indicators and merely states a sequence of events.,,
1092,A group is formed to fund a project,No,No,TRUE,No,,"Statement, No cause/effect relationship",Identifies actors ,#N/A,Yes,TRUE,"The statement implies that the purpose of forming the group is to fund the project, indicating a causal relationship where the action (forming the group) leads to an intended effect (funding the project). However, the certainty is medium because the direct causation is implied rather than explicitly stated.",,
402,Abeesee has had discussions,No,No,TRUE,No,,"Statement, No cause/effect relationship",Statement of fact ,TRUE,No,FALSE,The statement only indicates that Abeesee has had discussions but does not express any causal relationship between events or actions.,,
724,The financial status of villagers without heat will be compared,No,No,TRUE,No,,"Statement, No cause/effect relationship",Information needed ,TRUE,No,FALSE,The statement describes a comparison that will be made but does not indicate any causal relationship between financial status and having or lacking heat.,,
690,Contacting all groups involved in building construction leads to identifying the issue with the building,Yes,Yes,TRUE,Yes,"b) Causal verbs: cause, result, produce, generate, lead, induce, trigger, prompt","Direct, X leads to Y", ,TRUE,Yes,TRUE,"The statement uses 'leads to', indicating that contacting all groups involved in building construction directly results in identifying the issue with the building.",,
430,High fuel prices result from market factors,Yes,Yes,TRUE,Yes,"b) Causal verbs: cause, result, produce, generate, lead, induce, trigger, prompt","Direct, X leads to Y", ,TRUE,Yes,TRUE,"The statement uses 'result from', indicating that market factors directly lead to high fuel prices, which is a clear causal relationship.",,
2163,Contacting local politicians informs them about the Village's issues,Yes,Yes,TRUE,Yes,"g) Types of causatives: Lexical, Morphological, Periphrastic","Direct, X leads to Y",Lexical informs,TRUE,Yes,TRUE,"The statement indicates that contacting local politicians (the cause) leads to them becoming informed about the Village's issues (the effect), showing a clear causal relationship.",,
1354,A heating and insulation business is involved in planning a response to Abeesee's problems,No,No,TRUE,No,,"Statement, No cause/effect relationship",Identifies actors ,TRUE,No,FALSE,The statement describes involvement in planning but does not indicate a direct causal relationship between the business's actions and Abeesee's problems.,,
2100,The high cost of fossil fuels causes residents to forgo heating in winter,Yes,Yes,TRUE,Yes,"b) Causal verbs: cause, result, produce, generate, lead, induce, trigger, prompt",Direct cause, ,TRUE,Yes,TRUE,The statement clearly indicates a causal relationship where the high cost of fossil fuels (cause) directly leads to residents forgoing heating in winter (effect).,,
556,General physicians will be involved in planning the response,No,No,TRUE,No,,"Statement, No cause/effect relationship",Identifies actors ,TRUE,No,FALSE,The statement describes involvement of general physicians in a planning process but does not indicate any cause and effect relationship.,,
1807,Finding better jobs at the university leads to improving the financial situation of poorer people,Yes,Yes,TRUE,Yes,"b) Causal verbs: cause, result, produce, generate, lead, induce, trigger, prompt","Direct, X leads to Y", ,TRUE,Yes,TRUE,"The statement uses a direct causal verb 'leads to', indicating that finding better jobs at the university directly influences or improves the financial situation of poorer people.",,
823,Planners need to involve villagers because villagers are most affected,No,No,TRUE,No,,"Statement, No cause/effect relationship",Identifies actors ,#N/A,Yes,TRUE,"The statement implies a causal relationship where the fact that 'villagers are most affected' is given as the reason (cause) for why planners need to involve them, suggesting a cause-effect relationship.",,
1073,Constructing an electric grid would lead to a decrease in heating prices,Yes,Yes,TRUE,Yes,"b) Causal verbs: cause, result, produce, generate, lead, induce, trigger, prompt","Direct, X leads to Y", ,TRUE,Yes,TRUE,"The statement uses 'would lead to', indicating that constructing an electric grid (the cause) directly influences a decrease in heating prices (the effect), which suggests a clear causal relationship.",,
915,Government officials are involved in planning a response to the issues in Abeesee,No,No,TRUE,No,,"Statement, No cause/effect relationship",Identifies actors ,TRUE,No,FALSE,The statement describes an action (government officials planning a response) but does not indicate that this action is causing or influencing another event or state. It lacks clear indicators of causation.,,
1584,Increasing costs of fossil fuels cause Abeese residents to be unable to afford heat during the winter,Yes,Yes,TRUE,Yes,"b) Causal verbs: cause, result, produce, generate, lead, induce, trigger, prompt",Direct cause, ,TRUE,Yes,TRUE,The statement clearly indicates a causal relationship where the increasing costs of fossil fuels (the cause) directly lead to Abeese residents being unable to afford heat during the winter (the effect).,,
655,Lack of heat causes deaths during extremely harsh winters,Yes,Yes,TRUE,Yes,"b) Causal verbs: cause, result, produce, generate, lead, induce, trigger, prompt",Direct cause, ,TRUE,Yes,TRUE,The statement uses a direct causal verb 'causes' indicating that lack of heat directly leads to deaths during extremely harsh winters.,,
420,Environmental protection measures may cause an increase in fossil fuel costs,Yes,Yes,TRUE,Yes,"b) Causal verbs: cause, result, produce, generate, lead, induce, trigger, prompt",Direct cause, ,TRUE,Yes,TRUE,"The statement uses 'may cause', indicating a potential direct causal relationship where environmental protection measures lead to an increase in fossil fuel costs.",,
2169,Knowing the number of people impacted in Abeesee is necessary,No,No,TRUE,No,,"Statement, No cause/effect relationship",Information needed ,TRUE,No,FALSE,The statement does not express a causal relationship; it merely states a necessity without indicating any cause and effect.,,
57,The Alaska Heating Assistance Program (LIHEAP) helps Alaskan residents,No,No,TRUE,No,,"Statement, No cause/effect relationship",Identifies actors ,#N/A,Yes,TRUE,"The verb 'helps' indicates that the Alaska Heating Assistance Program (LIHEAP) has a direct positive influence on Alaskan residents, suggesting a causal relationship.",,
578,Identifying the cheapest and most efficient response leads to reaching out to stakeholders,Yes,Yes,TRUE,Yes,"b) Causal verbs: cause, result, produce, generate, lead, induce, trigger, prompt","Direct, X leads to Y", ,TRUE,Yes,TRUE,"The statement indicates that identifying the cheapest and most efficient response directly leads to an action (reaching out to stakeholders), which suggests a clear causal relationship.",,
543,Villagers ensure representation from the 38%,No,No,TRUE,No,,"Statement, No cause/effect relationship",Possible solution ,TRUE,No,FALSE,The statement does not indicate a causal relationship; it merely describes an action (ensuring representation) without showing how this action leads to or influences another event or state.,,
1407,Additional information on home heating prices provides context to the economic problem of heat,No,No,TRUE,No,,"Statement, No cause/effect relationship",Information needed ,TRUE,No,FALSE,The statement indicates that additional information on home heating prices provides context to an economic problem but does not imply a direct causal relationship where one event leads to or influences another.,,
1067,Local governments belong to a category of government,No,No,TRUE,No,,"Statement, No cause/effect relationship",Identifies actors ,TRUE,No,FALSE,The statement indicates category membership but does not imply any causal relationship.,,
999,High costs of fossil fuels make it difficult for people to afford heat,Yes,Yes,TRUE,Yes,"b) Causal verbs: cause, result, produce, generate, lead, induce, trigger, prompt","Direct, X leads to Y", ,TRUE,Yes,TRUE,"The statement indicates that high costs (cause) directly lead to difficulty in affording heat (effect), using the causal verb 'make'.",,
1620,The lack of funding restricts heat sources in the town,Yes,Yes,TRUE,Yes,"b) Causal verbs: cause, result, produce, generate, lead, induce, trigger, prompt","Direct, X leads to Y", ,TRUE,Yes,TRUE,"The statement indicates that a lack of funding (cause) directly restricts heat sources in the town (effect), showing a clear causal relationship.",,
2090,The inquiry requires knowing the average household income in Abeesee,No,No,TRUE,No,,"Statement, No cause/effect relationship",Information needed ,TRUE,No,FALSE,The statement is a request for information and does not express any causal relationship between events or states.,,
1058,The person tries to raise money,No,No,TRUE,No,,"Statement, No cause/effect relationship",Possible solution ,TRUE,No,FALSE,The statement describes an action (trying to raise money) without indicating any cause or effect relationship.,,
124,Not being able to afford heating causes most people to face major problems,Yes,Yes,TRUE,Yes,"b) Causal verbs: cause, result, produce, generate, lead, induce, trigger, prompt",Direct cause, ,TRUE,Yes,TRUE,The statement uses a direct causal verb 'causes' indicating that not being able to afford heating directly leads to most people facing major problems.,,
1838,The Village of Abeesee has harsh winters,No,No,TRUE,No,,"Statement, No cause/effect relationship",Possible cause ,TRUE,No,FALSE,The statement is a simple description of a characteristic of the Village of Abeesee and does not imply any causal relationship.,,
204,Identifying the root causes occurs during the assessment of the situation,No,No,TRUE,No,,"Statement, No cause/effect relationship",Generic ,TRUE,No,FALSE,"The statement describes an action (identifying root causes) that occurs during another process (assessment of the situation), but it does not indicate a direct causal relationship between two events or states.",,
728,Involving non-profit groups leads to raising money for Abeesee village,Yes,Yes,TRUE,Yes,"b) Causal verbs: cause, result, produce, generate, lead, induce, trigger, prompt","Direct, X leads to Y", ,TRUE,Yes,TRUE,"The statement uses a direct causal verb 'leads to', indicating that involving non-profit groups directly results in raising money for Abeesee village.",,
203,Assessing the situation in Abeesee leads to finding the root causes,Yes,Yes,TRUE,Yes,"b) Causal verbs: cause, result, produce, generate, lead, induce, trigger, prompt","Direct, X leads to Y", ,TRUE,Yes,TRUE,"The statement indicates that assessing the situation (cause) directly leads to or results in finding the root causes (effect), showing a clear causal relationship.",,
2083,The solutions have potential consequences for the government of the village,No,No,TRUE,No,,"Statement, No cause/effect relationship",Generic ,TRUE,No,FALSE,The statement indicates that the solutions have potential consequences but does not specify a direct causal relationship or direction of influence between the solutions and the government's actions or state.,,
2197,Finding a cheaper way to access heat leads to reducing reliance on fossil fuels,Yes,Yes,TRUE,Yes,"b) Causal verbs: cause, result, produce, generate, lead, induce, trigger, prompt","Direct, X leads to Y", ,TRUE,Yes,TRUE,"The statement indicates that finding a cheaper way to access heat directly leads to reducing reliance on fossil fuels, showing a clear causal relationship.",,
1734,Village residents cannot afford heat during winters,No,No,TRUE,No,,"Statement, No cause/effect relationship",Possible cause ,TRUE,No,FALSE,The statement describes a condition or situation without indicating that one event directly leads to another. It lacks explicit causal indicators and instead presents an observation about affordability.,,
913,The average income of Abeesee is needed for additional information,No,No,TRUE,No,,"Statement, No cause/effect relationship",Information needed ,TRUE,No,FALSE,The statement does not express a causal relationship; it merely indicates that additional information about average income is needed.,,
444,Getting in touch with non-profit organizations leads to providing Abeesee with supplies,Yes,Yes,TRUE,Yes,"b) Causal verbs: cause, result, produce, generate, lead, induce, trigger, prompt","Direct, X leads to Y", ,TRUE,Yes,TRUE,"The statement uses a direct causal verb 'leads to', indicating that contacting non-profit organizations directly results in Abeesee receiving supplies.",,
736,Donating money to non-profit organizations helps the public understand the hardships of the village,Yes,Yes,TRUE,Yes,"g) Types of causatives: Lexical, Morphological, Periphrastic","Direct, X leads to Y",Lexical help,TRUE,Yes,TRUE,"The statement indicates that donating money (cause) leads to a better public understanding of village hardships (effect), implying a direct causal relationship.",,
2142,Prices increasing for fossil fuels makes heating unaffordable for Abeesee villagers,Yes,Yes,TRUE,Yes,"b) Causal verbs: cause, result, produce, generate, lead, induce, trigger, prompt","Direct, X leads to Y", ,TRUE,Yes,TRUE,The statement indicates a clear causal relationship where the cause (prices increasing for fossil fuels) directly leads to the effect (heating becoming unaffordable for Abeesee villagers). The use of 'makes' as a direct causal verb supports this interpretation.,,
303,People dying causes the problem to be considered very serious,Yes,Yes,TRUE,Yes,"b) Causal verbs: cause, result, produce, generate, lead, induce, trigger, prompt",Direct cause, ,TRUE,Yes,TRUE,"The statement uses a direct causal verb 'causes', indicating that people dying directly leads to the problem being considered very serious.",,
15,Non profits offer resources to people suffering in the town,No,No,TRUE,No,,"Statement, No cause/effect relationship",Identifies actors ,#N/A,Yes,TRUE,"The statement implies that non-profits providing resources (cause) leads to assistance or improvement in conditions for people suffering (effect), though the exact nature of the effect is not explicitly detailed.",,
1702,Officials have the power to regulate pricing,No,No,TRUE,No,,"Statement, No cause/effect relationship",Identifies actors ,TRUE,No,FALSE,The statement describes an ability or authority (having the power) without indicating that this power directly leads to a specific effect on pricing. It does not express a clear causal relationship.,,
80,,No,No,TRUE,No,,Blank,Not a segment ,TRUE,No,FALSE,"The input text is 'nan', which does not express any relationship, causal or otherwise.",,
286,Abeesee uses energy companies to find heat sources,No,No,TRUE,No,,"Statement, No cause/effect relationship",Possible solution ,TRUE,No,FALSE,The statement describes a use or action but does not indicate that one event directly leads to another in a causal manner.,,
1599,Analyze the average income in relation to heating expenses,No,No,TRUE,No,n) Correlation vs. Causation: Be cautious not to confuse correlation with causation,"Statement, No cause/effect relationship", ,TRUE,No,FALSE,The statement describes an analysis of two variables (average income and heating expenses) but does not indicate any causal relationship between them.,,
707,Lack of proper knowledge about alternative heat sources led to deaths,Yes,Yes,TRUE,Yes,"b) Causal verbs: cause, result, produce, generate, lead, induce, trigger, prompt","Direct, X leads to Y", ,TRUE,Yes,TRUE,"The statement indicates that a lack of proper knowledge (cause) directly resulted in deaths (effect), showing a clear causal relationship.",,
1252,Alternative energy resources could help the people of Abeesee,Yes,No,#N/A,No,,"Direct, X leads to Y",Possible solutionOriginal statement: I would need more details on the situation of the people of Abeesee as well as any alternative energy resources that could possibly be used to help the people of Abeesee. ,#N/A,Yes,TRUE,"The statement suggests that alternative energy resources have a potential positive influence on helping the people of Abeesee, implying a causal relationship where the availability or use of these resources could lead to beneficial outcomes for the population.",No,unclear what the effect would be
276,The survey aims to identify residents concerned about the heat problem,No,No,TRUE,No,,"Statement, No cause/effect relationship",Information needed ,TRUE,No,FALSE,The statement describes the purpose of a survey but does not indicate any causal relationship between events or states.,,
716,The inability to afford heat is not caused by the people,Yes,Yes,TRUE,Yes,"j) Counterfactual causality: ""If X hadn't happened, Y wouldn't have occurred""",Direct cause, ,TRUE,Yes,TRUE,"The statement uses 'caused by', indicating a causal relationship where the inability to afford heat is explicitly stated not to be an effect of the people.",,
1490,A heat pump is recommended because it is environmentally friendly,No,Yes,#N/A,No,"a) Explicit markers: because, since, therefore, thus, hence, consequently, so that, in order to","Statement, No cause/effect relationship", ,#N/A,Yes,TRUE,"The statement uses 'because' to indicate that the environmental friendliness of a heat pump is the reason (cause) for its recommendation (effect), establishing a clear causal relationship.",No,not clear about what the cause and what the effect would be
2053,Expensive heating causes people to die because they cannot afford to stay warm,Yes,Yes,TRUE,Yes,"a) Explicit markers: because, since, therefore, thus, hence, consequently, so that, in order to",Direct cause, ,TRUE,Yes,TRUE,The statement clearly indicates a causal relationship where expensive heating (cause) leads to people dying because they cannot afford to stay warm (effect). The use of 'because' further strengthens the causal link.,,
586,The local government of Abeesee will be involved in planning a response,No,No,TRUE,No,,"Statement, No cause/effect relationship",Identifies actors ,TRUE,No,FALSE,The statement describes involvement in planning but does not indicate any cause and effect relationship.,,
670,The lack of heat in community homes causes adverse effects on the residents of Abeesee,Yes,Yes,TRUE,Yes,"b) Causal verbs: cause, result, produce, generate, lead, induce, trigger, prompt",Direct cause, ,TRUE,Yes,TRUE,The statement uses a direct causal verb 'causes' indicating that the lack of heat (cause) directly leads to adverse effects on residents (effect),,
86,High cost of fossil fuels causes residents of Abeesee to burn available resources,Yes,Yes,TRUE,Yes,"b) Causal verbs: cause, result, produce, generate, lead, induce, trigger, prompt",Direct cause, ,TRUE,Yes,TRUE,"The statement uses a direct causal verb 'causes', indicating that the high cost of fossil fuels directly leads to residents burning available resources as an effect.",,
2152,High costs of heating lead to 27 deaths,Yes,Yes,TRUE,Yes,"b) Causal verbs: cause, result, produce, generate, lead, induce, trigger, prompt","Direct, X leads to Y", ,TRUE,Yes,TRUE,"The statement indicates that high costs of heating directly lead to a specific outcome (27 deaths), which suggests a clear causal relationship.",,
810,The narrator wants to hear the local government's explanation,No,No,TRUE,No,,"Statement, No cause/effect relationship",Information needed ,TRUE,No,FALSE,The statement expresses a desire or wish from the narrator but does not indicate any causal relationship between events or actions.,,
987,Finding safer heating methods for the village prevents villagers from dying,Yes,Yes,TRUE,Yes,"g) Types of causatives: Lexical, Morphological, Periphrastic","Direct, X leads to Y",Lexical prevents,TRUE,Yes,TRUE,The statement indicates a clear causal relationship where finding safer heating methods (the cause) directly leads to preventing villagers from dying (the effect).,,
301,Making fires requires homes to have a working fireplace,No,No,TRUE,No,,"Statement, No cause/effect relationship",Statement of fact ,#N/A,Yes,TRUE,"The statement implies that the requirement (making fires) directly leads to or necessitates a condition (homes having a working fireplace), indicating a causal relationship.",,
1049,The income of the residents is needed for analysis,No,No,TRUE,No,,"Statement, No cause/effect relationship",Information needed ,TRUE,No,FALSE,The statement does not indicate any causal relationship; it merely states a need for analyzing residents' income without implying that one event or state causes another.,,
1472,Knowing if the village has tried alternatives to fossil fuels is helpful,No,No,TRUE,No,,"Statement, No cause/effect relationship",Information needed ,TRUE,No,FALSE,The statement describes a condition (knowing if the village has tried alternatives) and its helpfulness but does not indicate any direct causal relationship between trying alternatives and an effect.,,
2144,Holding a town meeting allows locals to gain firsthand insight into the problems,Yes,Yes,TRUE,Yes,"g) Types of causatives: Lexical, Morphological, Periphrastic","Direct, X leads to Y","In this case, allows seems more like helpsLexical allows",TRUE,Yes,TRUE,"The statement indicates that holding a town meeting (cause) allows locals to gain firsthand insight into problems (effect), showing a clear causal relationship.",,
1828,The rise in fossil fuel prices causes Abeesee people to be unable to afford heat,Yes,Yes,TRUE,Yes,"b) Causal verbs: cause, result, produce, generate, lead, induce, trigger, prompt",Direct cause, ,TRUE,Yes,TRUE,The statement uses a direct causal verb 'causes' indicating that the rise in fossil fuel prices directly leads to Abeesee people being unable to afford heat.,,
2002,Understanding the governmental structure of the village leads to creating a plan,Yes,Yes,TRUE,Yes,"b) Causal verbs: cause, result, produce, generate, lead, induce, trigger, prompt","Direct, X leads to Y", ,TRUE,Yes,TRUE,"The statement indicates that understanding the governmental structure (cause) directly leads to or influences the creation of a plan (effect), showing a clear causal relationship.",,
1964,Abeesee residents have expenses,No,No,TRUE,No,,"Statement, No cause/effect relationship",Statement of fact ,TRUE,No,FALSE,The statement is purely descriptive and indicates that Abeesee residents possess a characteristic (having expenses) without implying any cause or effect relationship.,,
2040,Current policies influence the availability of affordable heating,No,Yes,#N/A,Yes,"b) Causal verbs: cause, result, produce, generate, lead, induce, trigger, prompt","Statement, correlation", ,TRUE,Yes,TRUE,"The statement uses the causal verb 'influence', indicating that current policies have a direct effect on the availability of affordable heating.",yes,policies as cause and availability as effect
1618,Lack of funding restricts heat sources from being brought to Abeesee,Yes,Yes,TRUE,Yes,"g) Types of causatives: Lexical, Morphological, Periphrastic","Direct, X leads to Y",Lexical restricts,TRUE,Yes,TRUE,"The statement indicates that lack of funding (cause) directly restricts or prevents heat sources from being brought to Abeesee (effect), showing a clear causal relationship.",,
1898,Rising costs of fossil fuels cause residents of Abeesse to be unable to afford heat for their homes,Yes,Yes,TRUE,Yes,"b) Causal verbs: cause, result, produce, generate, lead, induce, trigger, prompt",Direct cause, ,TRUE,Yes,TRUE,The statement clearly indicates a causal relationship where rising costs of fossil fuels (the cause) directly lead to residents of Abeesse being unable to afford heat for their homes (the effect).,,
165,The first approach failing leads to considering other alternatives,Yes,Yes,TRUE,Yes,"b) Causal verbs: cause, result, produce, generate, lead, induce, trigger, prompt","Direct, X leads to Y", ,TRUE,Yes,TRUE,The statement indicates a clear causal relationship where the failure of the first approach (cause) leads to considering other alternatives (effect).,,
2036,Government incentives cause an increase in homes using all-electric heating,Yes,Yes,TRUE,Yes,"b) Causal verbs: cause, result, produce, generate, lead, induce, trigger, prompt",Direct cause, ,TRUE,Yes,TRUE,"The statement uses a direct causal verb 'cause', indicating that government incentives directly lead to an increase in homes using all-electric heating.",,
1849,Environmentalists interact with national government,No,No,TRUE,No,,"Statement, No cause/effect relationship",Identifies actors ,TRUE,No,FALSE,The statement describes an interaction between environmentalists and the national government but does not indicate any direct causal relationship where one action or state leads to another.,,
705,Not affording home heating caused people to use alternative heat sources,Yes,Yes,TRUE,Yes,"b) Causal verbs: cause, result, produce, generate, lead, induce, trigger, prompt",Direct cause, ,TRUE,Yes,TRUE,"The statement clearly indicates that not affording home heating (the cause) directly led people to use alternative heat sources (the effect), showing a direct causal relationship.",,
318,The nearest developed country is involved in planning a response to the town's problems,No,No,TRUE,No,,"Statement, No cause/effect relationship",Identifies actors ,TRUE,No,FALSE,The statement describes involvement in planning but does not indicate that this involvement directly causes any specific outcome or effect.,,
2137,Presenting findings causes actions to be taken by the local government/villagers,Yes,Yes,TRUE,Yes,"b) Causal verbs: cause, result, produce, generate, lead, induce, trigger, prompt",Direct cause, ,TRUE,Yes,TRUE,The statement uses a direct causal verb 'causes' indicating that presenting findings directly leads to actions being taken by the local government/villagers.,,
541,The socioeconomic status of the village affects the demographics,Yes,Yes,TRUE,Yes,"b) Causal verbs: cause, result, produce, generate, lead, induce, trigger, prompt","Direct, X leads to Y", ,TRUE,Yes,TRUE,"The statement uses 'affects', which implies a causal influence of socioeconomic status on demographics.",,
309,Coming up with a business plan leads to reaching out to people involved,Yes,Yes,TRUE,Yes,"b) Causal verbs: cause, result, produce, generate, lead, induce, trigger, prompt","Direct, X leads to Y", ,TRUE,Yes,TRUE,"The statement uses 'leads to', indicating that coming up with a business plan directly results in or influences reaching out to people involved.",,
1122,,No,No,TRUE,No,,Blank,Not a segment ,TRUE,No,FALSE,"The input text is 'nan', which does not express any relationship, causal or otherwise.",,
1674,The planner collaborates with a non-profit organization,No,No,TRUE,No,,"Statement, No cause/effect relationship",Identifies actors ,TRUE,No,FALSE,The statement describes collaboration between two entities but does not indicate any causal relationship where one action or event leads to another.,,
1969,The text suggests that there may be leaders among the Abeesee residents,No,No,TRUE,No,,"Statement, No cause/effect relationship",Identifies actors ,TRUE,No,FALSE,The statement is descriptive and does not indicate any causal relationship between events or states.,,
643,The number of people living in homes without heat determines the number of blankets needed,No,No,TRUE,No,,"Statement, correlation",Information needed ,#N/A,Yes,TRUE,"The statement uses 'determines', which indicates a direct causal relationship where the number of people living in homes without heat directly influences or determines the number of blankets needed.",,
1431,A mayor collaborates with school district members,No,No,TRUE,No,,"Statement, No cause/effect relationship",Identifies actors ,TRUE,No,FALSE,The statement describes a collaborative action but does not indicate that one event directly leads to or influences another in a causal manner.,,
536,Examining Abeesee's living structures and renewable resource access leads to identifying inefficiencies,Yes,Yes,TRUE,Yes,"b) Causal verbs: cause, result, produce, generate, lead, induce, trigger, prompt","Direct, X leads to Y", ,TRUE,Yes,TRUE,"The statement uses a direct causal verb 'leads to', indicating that examining Abeesee's living structures and renewable resource access directly results in identifying inefficiencies.",,
1947,Tax breaks could lead to larger companies investing in the area,Yes,Yes,TRUE,Yes,"b) Causal verbs: cause, result, produce, generate, lead, induce, trigger, prompt","Direct, X leads to Y",also k ,TRUE,Yes,TRUE,"The statement uses 'could lead to', indicating a potential causal relationship where tax breaks (cause) influence larger companies' investment decisions in the area (effect).",,
399,Demographics of Abeesee are needed,No,No,TRUE,No,,"Statement, No cause/effect relationship",Information needed ,TRUE,No,FALSE,The statement does not express any causal relationship; it merely indicates a need for information about demographics without implying that one event or state causes another.,,
147,Informing people willing to help leads to creating a team,Yes,Yes,TRUE,Yes,"b) Causal verbs: cause, result, produce, generate, lead, induce, trigger, prompt","Direct, X leads to Y", ,TRUE,Yes,TRUE,"The statement uses 'leads to', indicating that informing people willing to help directly results in creating a team.",,
1004,Researching alternatives leads to presenting them to local and national governments,Yes,Yes,TRUE,Yes,"b) Causal verbs: cause, result, produce, generate, lead, induce, trigger, prompt","Direct, X leads to Y", ,TRUE,Yes,TRUE,The statement indicates a clear causal relationship where 'researching alternatives' (the cause) directly leads to or influences 'presenting them to local and national governments' (the effect). The use of the phrase 'leads to' is a strong indicator of causation.,,
1486,The government has money,No,No,TRUE,No,,"Statement, No cause/effect relationship",Statement of fact ,TRUE,No,FALSE,The statement is purely descriptive and does not indicate any causal relationship between events or states.,,
1555,People living in Abeesee may require government assistance,No,No,TRUE,No,,"Statement, No cause/effect relationship",Possible solution ,TRUE,No,FALSE,The statement does not indicate a clear causal relationship; it merely suggests a possibility or condition without specifying a cause and effect.,,
391,Knowing more about the area leads to finding other heat sources,Yes,Yes,TRUE,Yes,"b) Causal verbs: cause, result, produce, generate, lead, induce, trigger, prompt","Direct, X leads to Y", ,TRUE,Yes,TRUE,"The statement uses a direct causal verb 'leads to', indicating that knowing more about the area (cause) directly results in finding other heat sources (effect)",,
97,Winter ending occurs before examining the most reliable and inexpensive heat resource,No,No,TRUE,No,,"Statement, No cause/effect relationship",Information needed ,TRUE,No,FALSE,The statement describes a temporal sequence ('occurs before') rather than a causal relationship between winter ending and examining heat resources.,,
1006,Researching alternatives happens before bringing them to local and national governments,No,No,TRUE,No,,"Statement, No cause/effect relationship",Information needed ,TRUE,No,FALSE,The statement only indicates a temporal sequence ('happens before') without implying any direct causal relationship between researching alternatives and bringing them to local and national governments.,,
727,Involving non-profit groups leads to raising money for Abeesee village,Yes,Yes,TRUE,Yes,"b) Causal verbs: cause, result, produce, generate, lead, induce, trigger, prompt","Direct, X leads to Y", ,TRUE,Yes,TRUE,"The statement uses a direct causal verb 'leads to', indicating that involving non-profit groups directly results in raising money for Abeesee village.",,
1406,Information is needed about the price of heating a home in Abeesee,No,No,TRUE,No,,"Statement, No cause/effect relationship",Information needed ,TRUE,No,FALSE,The statement is a request for information and does not express any causal relationship between events or states.,,
1765,Rising prices cause many people to be unable to afford heating,Yes,Yes,TRUE,Yes,"b) Causal verbs: cause, result, produce, generate, lead, induce, trigger, prompt",Direct cause, ,TRUE,Yes,TRUE,The statement uses a direct causal verb 'cause' indicating that rising prices directly lead to many people being unable to afford heating.,,
2136,I would contact the company supplying fossil fuels to the town,No,No,TRUE,No,,"Statement, No cause/effect relationship",Identifies actors ,TRUE,No,FALSE,The statement describes an action (contacting a company) but does not indicate any causal relationship between contacting the company and any resulting effect.,,
1384,Abeesee faces harsh winters,No,No,TRUE,No,,"Statement, No cause/effect relationship",Possible cause ,TRUE,No,FALSE,"The statement describes a characteristic or condition of Abeesee but does not indicate any causal relationship between events, actions, or states.",,
367,The government lobbies higher government officials,No,No,TRUE,No,,"Statement, No cause/effect relationship",Identifies actors ,TRUE,No,FALSE,The statement describes an action (lobbying) but does not indicate a clear cause and effect relationship between two distinct events or states.,,
734,Collecting propane tanks helps people in the village,Yes,No,#N/A,No,,"Direct, X leads to Y",Possible solution ,#N/A,Yes,TRUE,"The statement indicates that the action of collecting propane tanks directly leads to a beneficial outcome for people in the village, suggesting a clear causal relationship.",No,unclear what the effect would be
623,Groups with wealth within the town invest in projects,No,No,TRUE,No,,"Statement, No cause/effect relationship",Identifies actors ,TRUE,No,FALSE,The statement describes a behavior of groups with wealth but does not indicate that their wealth directly causes them to invest in projects. It lacks explicit causal indicators and could simply be describing an observed pattern or tendency.,,
1814,The prevalence and danger of unaffordable heating sources in the Village of Abeesee lead to a need for further assistance,Yes,Yes,TRUE,Yes,"b) Causal verbs: cause, result, produce, generate, lead, induce, trigger, prompt","Direct, X leads to Y", ,TRUE,Yes,TRUE,"The statement indicates that the prevalence and danger of unaffordable heating sources (cause) lead to a need for further assistance (effect), showing a clear causal relationship.",,
143,Government officials have power,No,No,TRUE,No,,"Statement, No cause/effect relationship",Statement of fact ,TRUE,No,FALSE,The statement describes a property or characteristic of government officials but does not indicate any causal relationship where one event/action/state leads to another.,,
2081,The government governs Abeesee's village,No,No,TRUE,No,,"Statement, No cause/effect relationship",Statement of fact ,TRUE,No,FALSE,The statement describes a governance relationship but does not indicate that one event or action directly leads to another effect. It is more of a descriptive statement about who governs rather than expressing causation.,,
1601,The research aims to find cost-efficient ways to heat living spaces,No,No,TRUE,No,,"Statement, No cause/effect relationship",Information needed ,TRUE,No,FALSE,The statement describes a purpose or goal of research but does not indicate that one event/action/state directly leads to another. It lacks explicit causal indicators.,,
1250,Alternatives are not being provided to the people of Abeesee,No,No,TRUE,No,,"Statement, No cause/effect relationship",Possible cause ,TRUE,No,FALSE,The statement describes a situation or condition but does not indicate any causal relationship between events or actions.,,
505,Pushing for a budget creation leads to an allotted sum of money being given,Yes,Yes,TRUE,Yes,"b) Causal verbs: cause, result, produce, generate, lead, induce, trigger, prompt","Direct, X leads to Y", ,TRUE,Yes,TRUE,"The statement uses 'leads to', indicating that pushing for a budget creation (the cause) directly results in an allotted sum of money being given (the effect).",,
288,Abeesee residents lack heating,No,No,TRUE,No,,"Statement, No cause/effect relationship",Possible cause ,TRUE,No,FALSE,The statement describes a condition or state (residents lacking heating) without indicating any cause for this condition.,,
491,Access to basic necessities keeps every person alive,Yes,Yes,TRUE,Yes,"g) Types of causatives: Lexical, Morphological, Periphrastic","Implicit, X leads to Y",Lexical keeps alive,TRUE,Yes,TRUE,"The statement indicates that access to basic necessities directly leads to keeping a person alive, which is a clear causal relationship.",,
793,Abeesee lacks a sustainable second form of electricity,No,No,TRUE,No,,"Statement, No cause/effect relationship",Possible cause ,TRUE,No,FALSE,The statement describes a condition or state (lack of a sustainable second form of electricity) but does not indicate any cause-effect relationship.,,
1837,Abeesee has very harsh winters,No,No,TRUE,No,,"Statement, No cause/effect relationship",Possible cause ,TRUE,No,FALSE,"The statement is a descriptive one, indicating a characteristic of Abeesee's climate without implying any cause or effect relationship.",,
100,An increase in heating prices leads to a lack of access to heat in the Village of Abeesee,Yes,Yes,TRUE,Yes,"b) Causal verbs: cause, result, produce, generate, lead, induce, trigger, prompt","Explicit, X leads to Y", ,TRUE,Yes,TRUE,"The statement uses 'leads to', indicating a direct causal relationship where an increase in heating prices (cause) results in a lack of access to heat (effect) in the Village of Abeesee.",,
1968,Abeesee offers jobs,No,No,TRUE,No,,"Statement, No cause/effect relationship",Possible solution ,TRUE,No,FALSE,The statement 'Abeesee offers jobs' describes a situation where Abeesee provides job opportunities but does not indicate any causal relationship between actions or events.,,
1680,I look at homes to identify their shortcomings,No,No,TRUE,No,,"Statement, No cause/effect relationship",Information needed ,TRUE,No,FALSE,"The statement describes an action (looking at homes) and a purpose or goal (to identify their shortcomings), but does not express one event directly causing another.",,
1638,Understanding the economic standpoint is necessary,No,No,TRUE,No,,"Statement, No cause/effect relationship",Information needed ,TRUE,No,FALSE,The statement does not express a causal relationship; it merely states a necessity or requirement without indicating any cause and effect.,,
283,The text mentions underlying conditions in the Village of Abeesee,No,No,TRUE,No,,"Statement, No cause/effect relationship",Statement of fact ,TRUE,No,FALSE,The statement is purely descriptive and does not indicate any causal relationship between underlying conditions and any effect or outcome.,,
83,Identifying prices leads to providing a different heating source,Yes,Yes,TRUE,Yes,"b) Causal verbs: cause, result, produce, generate, lead, induce, trigger, prompt","Direct, X leads to Y", ,TRUE,Yes,TRUE,"The statement uses 'leads to', indicating that identifying prices directly results in providing a different heating source.",,
2116,Government involvement influences the selection of a company or institution for installing new heating and energy systems,Yes,Yes,TRUE,Yes,"b) Causal verbs: cause, result, produce, generate, lead, induce, trigger, prompt","Direct, X leads to Y", ,TRUE,Yes,TRUE,"The statement implies that government involvement has an influence on the selection process for companies or institutions installing new heating and energy systems, indicating a causal relationship.",,
844,A wind turbine provides most of the village's energy,No,No,TRUE,No,,"Statement, No cause/effect relationship",Possible solution ,#N/A,Yes,TRUE,"The statement indicates that the presence and operation of a wind turbine (cause) directly leads to providing most of the village's energy (effect), which is a clear causal relationship.",,
738,The village's remote location causes people in Abeesee to be unable to have heat during winter,Yes,Yes,TRUE,Yes,"b) Causal verbs: cause, result, produce, generate, lead, induce, trigger, prompt",Direct cause, ,TRUE,Yes,TRUE,The statement uses a direct causal verb 'causes' indicating that the remote location of the village directly leads to people in Abeesee not having heat during winter.,,
507,The university offers free courses on home safety regarding heating,No,No,TRUE,No,,"Statement, No cause/effect relationship",Possible solution ,TRUE,No,FALSE,The statement describes an action (offering courses) but does not indicate a direct cause-and-effect relationship between offering the courses and any resulting effect.,,
634,Abeesee has significant problems,No,No,TRUE,No,,"Statement, No cause/effect relationship",Generic ,TRUE,No,FALSE,The statement is a description of Abeesee's condition and does not indicate any cause or effect relationship.,,
680,The issue in the case scenario causes distress,Yes,Yes,TRUE,Yes,"b) Causal verbs: cause, result, produce, generate, lead, induce, trigger, prompt",Direct cause, ,TRUE,Yes,TRUE,"The statement uses a direct causal verb 'causes', indicating that the issue in the case scenario directly leads to distress.",,
428,The reason for high fuel prices determines the process used,Yes,No,#N/A,Yes,,"Direct, X leads to Y",Information needed ,TRUE,Yes,TRUE,"The statement indicates that the 'reason for high fuel prices' (cause) determines or influences the 'process used' (effect), showing a clear causal relationship.",yes,seems like a trivial statement that isn't actually useful
828,The fossil fuel industry increasing prices causes residents of Abeesee to experience harsh winters,Yes,Yes,TRUE,Yes,"b) Causal verbs: cause, result, produce, generate, lead, induce, trigger, prompt",Direct cause, ,TRUE,Yes,TRUE,"The statement uses a direct causal verb 'causes' indicating that the action of the fossil fuel industry increasing prices directly leads to residents experiencing harsh winters, which implies a clear direction of influence.",,
157,People consider alternatives if the company cannot reduce heating prices,Yes,Yes,TRUE,Yes,"e) Implied causation: If-then constructions, resultative constructions","Direct, X leads to Y",if/then ,#N/A,No,FALSE,The statement describes a conditional scenario where people's actions (considering alternatives) occur if a certain condition is met (the company cannot reduce heating prices). This indicates a conditional relationship rather than a direct causal one.,,
1069,Corporations are responsible for transporting fossil fuels,No,No,TRUE,No,,"Statement, No cause/effect relationship",Identifies actors ,TRUE,No,FALSE,The statement describes a responsibility or role of corporations without indicating that their actions lead to an effect. It does not express causation but rather a descriptive relationship.,,
1948,The long-term plan leads to the development of local infrastructure,Yes,Yes,TRUE,Yes,"b) Causal verbs: cause, result, produce, generate, lead, induce, trigger, prompt","Direct, X leads to Y", ,TRUE,Yes,TRUE,"The statement uses a direct causal verb 'leads to', indicating that the long-term plan directly results in the development of local infrastructure.",,
1237,Groups help build homes that insulate better,No,No,TRUE,No,,"Statement, No cause/effect relationship",Possible solution ,#N/A,Yes,TRUE,"The statement implies a causal relationship where 'groups' (the cause) lead to homes that insulate better (the effect). However, the exact nature of how groups achieve this is not specified.",,
1519,I collaborate with village leadership to identify the problems,No,No,TRUE,No,,"Statement, No cause/effect relationship",Identifies actors ,TRUE,No,FALSE,"The statement describes an action (collaborating) and a goal (identifying problems), but does not express that one event directly leads to or influences another in a causal manner.",,
1878,Finding funding leads to providing safe heat in Abessee,Yes,Yes,TRUE,Yes,"b) Causal verbs: cause, result, produce, generate, lead, induce, trigger, prompt","Direct, X leads to Y", ,TRUE,Yes,TRUE,"The statement uses a direct causal verb 'leads to', indicating that finding funding directly results in providing safe heat in Abessee.",,
1009,Affording heating in the winters is expensive for the Abeesee,No,No,TRUE,No,,"Statement, No cause/effect relationship",Possible cause ,TRUE,No,FALSE,The statement describes a situation where heating is expensive but does not indicate that one event directly leads to or influences another in a causal manner.,,
860,NATO collaborates with humanitarian groups,No,No,TRUE,No,,"Statement, No cause/effect relationship",Identifies actors ,TRUE,No,FALSE,The statement describes collaboration between NATO and humanitarian groups but does not indicate that one party causes an effect on the other. It is a descriptive relationship rather than causal.,,
323,The person will document the experiences of people living in Abeesee,No,No,TRUE,No,,"Statement, No cause/effect relationship",Information needed ,TRUE,No,FALSE,The statement describes an action (documenting experiences) but does not indicate that this action is caused by or leads to another event or state. It lacks clear indicators of causation.,,
1378,The Abeesee government is involved with the town's residents' input,No,No,TRUE,No,,"Statement, No cause/effect relationship",Identifies actors ,TRUE,No,FALSE,The statement describes involvement or interaction without indicating a direct causal relationship between the Abeesee government and the town's residents' input.,,
1547,Creating alternative heating initiatives leads to cheaper options in the community,Yes,Yes,TRUE,Yes,"b) Causal verbs: cause, result, produce, generate, lead, induce, trigger, prompt","Direct, X leads to Y", ,TRUE,Yes,TRUE,"The statement uses a direct causal verb 'leads to', indicating that creating alternative heating initiatives directly results in cheaper options for the community.",,
1873,BGE heating community centers allows people to sleep there,No,No,TRUE,No,,"Statement, No cause/effect relationship",Possible solution ,#N/A,Yes,TRUE,"The statement indicates that BGE heating (the cause) directly enables or allows people to sleep in community centers (the effect), implying a clear causal relationship.",,
698,Understanding the climate in the village is important,No,No,TRUE,No,,"Statement, No cause/effect relationship",Information needed ,TRUE,No,FALSE,"The statement expresses an importance or value judgment but does not indicate any causal relationship between events, actions, or states.",,
208,The expense of heating homes causes Abeesee issues,Yes,Yes,TRUE,Yes,"b) Causal verbs: cause, result, produce, generate, lead, induce, trigger, prompt",Direct cause, ,TRUE,Yes,TRUE,The statement uses 'causes' which directly indicates a causal relationship between the expense of heating homes and Abeesee's issues.,,
821,High costs cause heating problems for homes in The village of Abeesee,Yes,Yes,TRUE,Yes,"b) Causal verbs: cause, result, produce, generate, lead, induce, trigger, prompt",Direct cause, ,TRUE,Yes,TRUE,"The statement clearly indicates that high costs directly lead to heating problems for homes in The village of Abeesee, showing a direct causal relationship.",,
1883,The actions of other entities cause consequences for the residents of Abeesee,Yes,Yes,TRUE,Yes,"b) Causal verbs: cause, result, produce, generate, lead, induce, trigger, prompt",Direct cause, ,TRUE,Yes,TRUE,"The statement uses the direct causal verb 'cause', indicating that the actions of other entities directly lead to consequences for the residents of Abeesee.",,
1634,Corporations' focus on maximizing profits leads to neglecting remote areas,Yes,Yes,TRUE,Yes,"b) Causal verbs: cause, result, produce, generate, lead, induce, trigger, prompt","Direct, X leads to Y", ,TRUE,Yes,TRUE,"The statement uses a direct causal verb 'leads to', indicating that corporations' focus on maximizing profits directly results in neglecting remote areas.",,
1549,Alternative heating initiatives are provided within the community,No,No,TRUE,No,,"Statement, No cause/effect relationship",Possible solution ,TRUE,No,FALSE,The statement describes a provision of alternative heating initiatives but does not indicate any cause and effect relationship.,,
122,The heating company could potentially lower its prices,No,No,TRUE,No,,"Statement, No cause/effect relationship",Possible solution ,TRUE,No,FALSE,The statement expresses a possibility or potential action without indicating any cause and effect relationship.,,
984,The situation causes bad problems for the village,Yes,Yes,TRUE,Yes,"b) Causal verbs: cause, result, produce, generate, lead, induce, trigger, prompt",Yes direct cause, ,TRUE,Yes,TRUE,"The statement uses a direct causal verb 'causes', indicating that the situation directly leads to bad problems for the village.",,
747,Attending Abeesee leads to understanding the people of Abeesee,Yes,Yes,TRUE,Yes,"b) Causal verbs: cause, result, produce, generate, lead, induce, trigger, prompt","Direct, X leads to Y", ,TRUE,Yes,TRUE,"The statement uses 'leads to', indicating that attending Abeesee directly results in understanding its people, which suggests a clear causal relationship.",,
404,I want to communicate with energy companies,No,No,TRUE,No,,"Statement, No cause/effect relationship",Identifies actors ,TRUE,No,FALSE,The statement expresses a desire or intention without indicating any cause and effect relationship.,,
580,Harsh winters cause people in Abeesee to struggle affording expensive fossil fuels,Yes,Yes,TRUE,Yes,"b) Causal verbs: cause, result, produce, generate, lead, induce, trigger, prompt",Direct cause, ,TRUE,Yes,TRUE,"The statement uses a direct causal verb 'cause', indicating that harsh winters directly lead to people struggling to afford expensive fossil fuels in Abeesee.",,
1917,Knowing the types of jobs in Abeesee helps understand the village's development,Yes,Yes,TRUE,Yes,"g) Types of causatives: Lexical, Morphological, Periphrastic","Implicit, X leads to Y",Lexical help,TRUE,Yes,TRUE,"The statement implies that understanding the types of jobs in Abeesee leads to a better comprehension or insight into the village's development, suggesting a causal relationship where knowledge about job types influences understanding of development.",,
1324,Heating expenses are needed to develop a response in Abeesee,No,No,TRUE,No,,"Statement, No cause/effect relationship",Information needed ,TRUE,No,FALSE,The statement does not clearly indicate that heating expenses cause or lead to a development of a response in Abeesee. The relationship described is unclear and lacks direct causation indicators.,,
1336,The cost of winter heating varies with the amount of heating needed in Abeesee,No,No,TRUE,No,n) Correlation vs. Causation: Be cautious not to confuse correlation with causation,"Relationship, correlation (not causation)",Statement of fact ,TRUE,No,FALSE,"The statement indicates a correlation or association between the cost of winter heating and the amount of heating needed, but does not imply a direct causal relationship.",,
1757,Fossil fuel use is identified as a problem,No,No,TRUE,No,,"Statement, No cause/effect relationship",Possible cause ,TRUE,No,FALSE,The statement identifies fossil fuel use as a problem but does not express any causal relationship between events or states.,,
454,Government officials plan a response to the town's issues,No,No,TRUE,No,,"Statement, No cause/effect relationship",Identifies actors ,TRUE,No,FALSE,The statement describes an action (planning a response) but does not indicate that this action is causing or leading to another effect. It lacks clear causal indicators and instead focuses on the planning process without showing how it influences outcomes.,,
691,Contacting all groups involved in the construction leads to identifying the issue with the building,Yes,Yes,TRUE,Yes,"b) Causal verbs: cause, result, produce, generate, lead, induce, trigger, prompt","Implict, X leads to Y", ,TRUE,Yes,TRUE,The statement indicates a clear causal relationship where contacting all groups involved in the construction (the cause) leads to identifying the issue with the building (the effect). The phrase 'leads to' is a strong indicator of causation.,,
460,Abeesee residents cannot afford heat in winter,No,No,TRUE,No,,"Statement, No cause/effect relationship",Possible cause ,TRUE,No,FALSE,The statement describes a condition or state (residents cannot afford heat) but does not indicate any cause leading to this effect.,,
1749,Harsh winters in Abeesee cause heating costs to be high,Yes,Yes,TRUE,Yes,"b) Causal verbs: cause, result, produce, generate, lead, induce, trigger, prompt",Direct cause, ,TRUE,Yes,TRUE,"The statement uses a direct causal verb 'cause', indicating that harsh winters directly lead to high heating costs.",,
1168,Designers analyze the amount of gas needed to keep a house warm,No,No,TRUE,No,,"Statement, No cause/effect relationship",Information needed ,TRUE,No,FALSE,"The statement describes an action (analyzing) related to a property or requirement (amount of gas needed), but does not indicate any causal relationship where one event directly leads to another.",,
659,Learning how to efficiently heat houses can solve deaths from lack of accessible heating in Abeesee,Yes,Yes,TRUE,Yes,"g) Types of causatives: Lexical, Morphological, Periphrastic","Direct, X leads to Y",Lexical can solve,TRUE,Yes,TRUE,"The statement indicates that learning how to efficiently heat houses (cause) can lead to solving deaths from lack of accessible heating (effect), implying a direct causal relationship.",,
624,Wealthy groups within the community want to save energy,No,No,TRUE,No,,"Statement, No cause/effect relationship",Identifies actors ,TRUE,No,FALSE,The statement describes a desire or intention of wealthy groups but does not indicate any causal relationship where one event/action/state leads to another.,,
1372,Rising prices of fossil fuels cause homes in Abeesee to be unheated,Yes,Yes,TRUE,Yes,"b) Causal verbs: cause, result, produce, generate, lead, induce, trigger, prompt","Direct, X leads to Y", ,TRUE,Yes,TRUE,"The statement uses a direct causal verb 'cause' indicating that rising prices of fossil fuels directly lead to homes in Abeesee being unheated, which shows a clear cause and effect relationship.",,
1387,The amount of money going into living space affects residents' living conditions,Yes,Yes,TRUE,Yes,"b) Causal verbs: cause, result, produce, generate, lead, induce, trigger, prompt","Direct, X is related to Y", ,TRUE,Yes,TRUE,"The statement uses 'affects', which implies a causal influence of the amount of money on living conditions.",,
849,The wind turbine produces energy,No,No,TRUE,No,,"Statement, No cause/effect relationship",Possible solution ,#N/A,Yes,TRUE,"The statement indicates that the action of the wind turbine (cause) directly leads to the production of energy (effect), showing a clear causal relationship.",,
1071,Greater accessibility to safer heating systems is associated with better solutions for the community,No,No,TRUE,No,n) Correlation vs. Causation: Be cautious not to confuse correlation with causation,"Correlation, X is related to Y", ,TRUE,No,FALSE,"The statement uses 'associated with', which indicates correlation rather than a direct causal relationship.",,
826,Brainstorming ideas occurs before finding a cost-effective solution,No,No,TRUE,No,,"relationship, X precedes Y",Information needed ,TRUE,No,FALSE,The statement only indicates a temporal sequence ('occurs before') and does not imply that brainstorming ideas directly leads to or influences finding a cost-effective solution.,,
761,The text asks about the availability of a healthcare system in Abeesee,No,No,TRUE,No,,"Statement, No cause/effect relationship",Information needed ,TRUE,No,FALSE,The statement is asking about the availability of a healthcare system and does not express any causal relationship between events or states.,,
455,Government officials work with volunteers to install carbon monoxide detectors,No,No,TRUE,No,,"Statement, No cause/effect relationship",Possible solution ,TRUE,No,FALSE,The statement describes a collaborative action but does not indicate that one event directly leads to or influences another in a causal manner.,,
2220,Education about heating importance leads to safer warming practices,Yes,Yes,TRUE,Yes,"b) Causal verbs: cause, result, produce, generate, lead, induce, trigger, prompt","Direct, X leads to Y", ,TRUE,Yes,TRUE,"The statement uses a direct causal verb 'leads to', indicating that education about heating importance directly results in safer warming practices.",,
1851,Each solution has potential consequences for environmentalists,No,No,TRUE,No,,"Statement, No cause/effect relationship",Generic ,TRUE,No,FALSE,The statement describes a property or consequence of solutions but does not indicate that these solutions directly cause an effect on environmentalists. It lacks clear causal indicators.,,
1011,High expenses for heating indicate poverty may be an issue in the area,No,No,TRUE,No,n) Correlation vs. Causation: Be cautious not to confuse correlation with causation,"Implicit, relationship / correlation", ,TRUE,No,FALSE,"The statement suggests a correlation or indicator relationship rather than a direct causal link. 'High expenses for heating' indicate or suggest that poverty may be an issue, but it does not state that high expenses cause poverty.",,
1136,Companies supply fossil fuels to the Abeesee community,No,No,TRUE,No,,"Statement, No cause/effect relationship",Possible solution ,TRUE,No,FALSE,The statement describes a transactional relationship where companies supply fossil fuels to a community but does not indicate that this action directly leads to or influences an effect within the community in a causal manner.,,
1209,I would educate people with a heating source on safe usage,No,No,TRUE,No,,"Statement, No cause/effect relationship",Possible solution ,#N/A,Yes,TRUE,The statement implies an intended causal relationship where educating people (the cause) is expected to lead to safe usage of a heating source (the effect). The use of 'would' suggests a conditional causality.,,
907,A person plans to find a better method to deliver fuel to Abeesee,No,No,TRUE,No,,"Statement, No cause/effect relationship",Possible solution ,TRUE,No,FALSE,The statement describes a plan or intention but does not indicate that one event directly leads to another. It lacks clear causal indicators.,,
1872,The poverty rate is associated with information needed about the town,No,No,TRUE,No,,"Statement, No cause/effect relationship",Information needed ,TRUE,No,FALSE,"The statement indicates an association or correlation between the poverty rate and the information needed about the town, but does not imply a direct causal relationship.",,
1677,Research begins with investigating the homes,No,No,TRUE,No,,"Statement, No cause/effect relationship",Information needed ,TRUE,No,FALSE,"The statement describes an action (research beginning) and its starting point (investigating homes), but does not indicate any causal relationship where one event directly leads to or influences another.",,
369,Awareness among more people about the issue promoted on social media leads to faster change,Yes,Yes,TRUE,Yes,"b) Causal verbs: cause, result, produce, generate, lead, induce, trigger, prompt","Direct, X leads to Y", ,TRUE,Yes,TRUE,"The statement uses 'leads to', indicating that increased awareness promoted on social media directly causes faster change.",,
1975,The query seeks the median income of the town,No,No,TRUE,No,,"Statement, No cause/effect relationship",Information needed ,TRUE,No,FALSE,The statement describes a query or action without indicating any cause and effect relationship.,,
407,,No,No,TRUE,No,,Blank statement,Not a segment ,TRUE,No,FALSE,"The input text is 'nan', which does not express any relationship, causal or otherwise.",,
373,Abeesee's harsh climate leads to Abeeseeans taking desperate measures,Yes,Yes,TRUE,Yes,"b) Causal verbs: cause, result, produce, generate, lead, induce, trigger, prompt","Direct, X leads to Y", ,TRUE,Yes,TRUE,"The statement uses a direct causal verb 'leads to', indicating that Abeesee's harsh climate directly influences Abeeseeans to take desperate measures.",,
1298,Groups not going without heat in the last 2 years would be involved,No,No,TRUE,No,,"Statement, No cause/effect relationship",Identifies actors ,TRUE,No,FALSE,The statement does not indicate a clear causal relationship; it lacks explicit causative verbs or phrases and appears to describe a condition or group characteristic rather than an effect caused by another event or action.,,
997,Fossil fuels being expensive causes heat to be expensive,Yes,Yes,TRUE,Yes,"b) Causal verbs: cause, result, produce, generate, lead, induce, trigger, prompt",Direct cause, ,TRUE,Yes,TRUE,The statement uses a direct causal verb 'causes' indicating that the high cost of fossil fuels directly leads to or influences the high cost of heat.,,
1961,Abeesee's expenses result in an inability to stay warm during cold months,Yes,Yes,TRUE,Yes,"b) Causal verbs: cause, result, produce, generate, lead, induce, trigger, prompt","Direct, X leads to Y", ,TRUE,Yes,TRUE,"The statement uses 'result in', indicating that Abeesee's expenses directly lead to an inability to stay warm during cold months, which is a clear causal relationship.",,
354,Wood-burning stoves would benefit the people of Abeesee,No,No,TRUE,No,,"Implicit, relationship",Possible solution ,TRUE,No,FALSE,The statement does not specify how wood-burning stoves would benefit the people of Abeesee; it lacks a clear cause and effect relationship.,,
514,Abeesee is located in the world,No,No,TRUE,No,,"Statement, No cause/effect relationship",Statement of fact ,TRUE,No,FALSE,The statement describes a spatial relationship indicating location but does not imply any causal influence or effect.,,
478,The text mentions stakeholders,No,No,TRUE,No,,"Statement, No cause/effect relationship",Statement of fact ,TRUE,No,FALSE,The statement is purely descriptive and does not indicate any causal relationship between elements.,,
48,The remote location of Abeesee makes it difficult to bring resources there,Yes,Yes,TRUE,Yes,"b) Causal verbs: cause, result, produce, generate, lead, induce, trigger, prompt","Direct, X leads to Y", ,TRUE,Yes,TRUE,"The statement indicates that the remote location (cause) directly leads to difficulties in bringing resources there (effect), establishing a clear causal relationship.",,
29,Creating a solar panel farm leads to using solar energy,Yes,Yes,TRUE,Yes,"b) Causal verbs: cause, result, produce, generate, lead, induce, trigger, prompt","Direct, X leads to Y", ,TRUE,Yes,TRUE,"The statement uses 'leads to', indicating that creating a solar panel farm directly results in using solar energy.",,
959,Environmental specialists work with economists,No,No,TRUE,No,,"Statement, No cause/effect relationship",Identifies actors ,TRUE,No,FALSE,The statement describes collaboration or working together between environmental specialists and economists but does not indicate any causal relationship where one party's actions directly lead to an effect on the other.,,
1511,High prices of heat contribute to individuals dying from exposure to cold in Abeesee,Yes,Yes,TRUE,Yes,"b) Causal verbs: cause, result, produce, generate, lead, induce, trigger, prompt","Implicit, relationship",also k ,TRUE,Yes,TRUE,"The statement indicates that high prices of heat have a direct influence on individuals dying from exposure to cold, suggesting a causal relationship where one factor (high prices) leads to another (deaths due to cold).",,
1044,The speaker informs the town about their active efforts,No,No,TRUE,No,,"Statement, No cause/effect relationship",Identifies actors ,TRUE,No,FALSE,The statement describes an action (informing) but does not indicate that this action leads to or influences another event or state. There is no clear causal relationship expressed.,,
1226,Lack of infrastructure in Abeesee results in inability for residents to survive harsh conditions,Yes,Yes,TRUE,Yes,"b) Causal verbs: cause, result, produce, generate, lead, induce, trigger, prompt","Direct, X leads to Y", ,TRUE,Yes,TRUE,The statement indicates a clear causal relationship where the lack of infrastructure (cause) directly leads to the inability for residents to survive harsh conditions (effect). The phrase 'results in' is a strong indicator of causation.,,
1994,High prices of fossil fuels contribute to the problems faced by the Abeesee,Yes,Yes,TRUE,Yes,"b) Causal verbs: cause, result, produce, generate, lead, induce, trigger, prompt","Direct, shows relationship",also k ,TRUE,Yes,TRUE,"The statement indicates that high prices of fossil fuels (cause) contribute to or lead to problems faced by the Abeesee (effect), showing a clear causal relationship.",,
2096,The local government needs to enter Abeesee to assess socioeconomic factors,No,No,TRUE,No,,Statement,Information needed ,TRUE,No,FALSE,The statement describes a need for assessment but does not indicate any direct causal relationship between entering Abeesee and assessing socioeconomic factors.,,
557,General physicians would be involved,No,No,TRUE,No,,"Statement, No cause/effect relationship",Identifies actors ,TRUE,No,FALSE,The statement does not indicate any cause and effect relationship; it merely states a fact about involvement without specifying how or why this involvement occurs.,,
1144,Creating a task force leads to planning for providing help,Yes,Yes,TRUE,Yes,"b) Causal verbs: cause, result, produce, generate, lead, induce, trigger, prompt","Direct, X leads to Y", ,TRUE,Yes,TRUE,"The statement uses 'leads to', indicating that creating a task force directly results in planning for providing help, which shows a clear causal relationship.",,